age,income_band_numeric,relationship_tenure_months,relationship_tier_encoded,is_kyc_verified,total_assets,total_liabilities,monthly_savings,has_active_loan,num_financial_products,insurance_count,days_to_renewal,days_since_last_contact,contact_frequency_90d,transaction_activity_90d,existing_coverage_amount,has_overdue_followup,customer_priority
50,40.0,6,1,1,1070000.0,0.0,60000.0,0,5,0,365,110,0,2,0.0,0,0
52,75.0,67,1,1,7028000.0,2633000.0,37600.0,1,3,1,86,180,6,22,2348779.891250372,1,1
42,75.0,100,0,0,8483000.0,0.0,49500.0,0,1,1,198,22,8,19,2927412.562744301,0,0
63,150.0,76,0,0,7742000.0,5914000.0,68900.0,1,1,4,191,43,5,23,8065391.998055522,0,0
39,150.0,92,2,1,1753000.0,4429000.0,15600.0,1,4,2,33,60,0,21,4296916.955345323,0,0
39,40.0,30,2,1,2166000.0,3096000.0,71100.0,1,6,3,292,139,4,48,2031005.588156601,1,1
47,250.0,49,0,1,955000.0,473000.0,11400.0,1,6,0,365,176,6,39,0.0,1,0
24,250.0,79,2,1,8615000.0,267000.0,58500.0,1,6,3,179,30,4,28,7125649.734525313,0,0
32,40.0,95,2,1,1828000.0,5493000.0,70000.0,1,3,2,87,140,8,1,1425332.050168028,1,1
34,250.0,5,0,1,8077000.0,1589000.0,21500.0,1,5,1,40,196,8,50,2276150.506080495,1,0
62,250.0,73,0,1,9645000.0,5588000.0,61200.0,1,6,0,365,81,6,43,0.0,0,0
45,250.0,118,0,0,3414000.0,0.0,48300.0,0,2,1,328,17,3,5,491681.33222438785,1,0
38,150.0,12,0,1,5415000.0,4395000.0,70900.0,1,5,4,102,26,1,43,9920967.575879749,0,0
31,250.0,55,0,1,9842000.0,771000.0,34000.0,1,3,1,102,139,7,9,971372.1015847712,1,0
37,150.0,62,0,1,8620000.0,0.0,45400.0,0,1,1,126,44,6,32,2916289.894668828,0,0
37,250.0,118,0,1,2689000.0,4748000.0,38000.0,1,4,4,156,57,0,38,2871805.7129598926,0,0
44,40.0,98,0,0,9198000.0,3281000.0,7400.0,1,5,0,365,49,1,39,0.0,0,0
54,75.0,54,0,1,5965000.0,0.0,50700.0,0,4,3,109,173,5,16,8471120.68766506,1,0
47,75.0,88,1,1,9361000.0,254000.0,50800.0,1,5,1,264,69,2,23,1751612.8910743939,1,0
29,75.0,50,0,1,3060000.0,5906000.0,65100.0,1,5,0,365,211,8,20,0.0,1,1
53,40.0,115,0,0,5555000.0,0.0,24000.0,0,5,0,365,89,3,44,0.0,0,0
43,150.0,67,0,1,968000.0,2657000.0,24300.0,1,1,2,139,43,7,36,4040412.23742745,0,0
27,40.0,17,0,1,5479000.0,5041000.0,47900.0,1,2,1,25,232,5,14,1132297.544811361,1,1
39,40.0,48,1,1,6226000.0,0.0,14900.0,0,2,2,17,47,5,27,5359647.505181951,0,1
49,75.0,37,0,1,435000.0,0.0,39200.0,0,2,4,121,59,0,43,4976310.984015921,0,0
48,150.0,38,2,1,6433000.0,0.0,33800.0,0,5,1,138,47,4,3,611422.7299988545,0,0
36,250.0,47,1,1,5139000.0,2434000.0,47400.0,1,3,0,365,113,0,34,0.0,1,1
57,75.0,49,0,1,6250000.0,4048000.0,12600.0,1,3,4,361,77,8,9,4722775.372459918,0,0
34,250.0,89,1,1,4090000.0,5036000.0,26400.0,1,2,3,231,174,3,33,4666404.341000815,1,1
48,75.0,87,0,1,3385000.0,4947000.0,60800.0,1,6,2,28,64,7,40,1395711.3961271725,0,1
39,40.0,61,0,1,6979000.0,0.0,41100.0,0,2,0,365,178,0,49,0.0,1,0
31,40.0,102,0,1,5204000.0,491000.0,22200.0,1,1,4,291,154,5,49,8409839.511932613,1,0
54,250.0,109,2,1,8622000.0,0.0,37700.0,0,2,3,271,126,3,18,7103090.84280704,1,1
44,150.0,33,0,1,1427000.0,1541000.0,56400.0,1,6,0,365,108,6,22,0.0,0,0
49,250.0,10,0,1,5862000.0,4234000.0,69000.0,1,5,1,157,194,6,27,2845402.4750720616,1,0
49,75.0,65,0,1,3394000.0,0.0,55300.0,0,4,4,323,138,0,26,11131049.503224941,1,1
44,40.0,13,1,0,550000.0,2399000.0,19300.0,1,3,4,220,66,1,31,4205171.448899105,0,1
22,40.0,47,0,0,451000.0,380000.0,22000.0,1,1,2,347,31,3,30,1281593.2643207137,0,0
46,150.0,24,1,1,7789000.0,1150000.0,26900.0,1,5,0,365,81,6,26,0.0,1,1
46,75.0,12,0,1,6987000.0,0.0,26200.0,0,6,1,294,202,0,23,2449813.484820572,1,0
42,150.0,11,0,1,8232000.0,812000.0,77000.0,1,6,4,227,47,8,42,8838933.352025632,0,0
62,250.0,62,0,1,8525000.0,0.0,67000.0,0,1,4,242,147,6,22,3833725.143262325,1,0
35,150.0,26,0,1,2833000.0,0.0,48900.0,0,3,2,213,127,8,49,1062309.9945733147,1,0
55,250.0,85,1,1,2978000.0,0.0,34100.0,0,2,3,276,90,6,48,4733409.95895215,0,0
38,150.0,92,0,1,7227000.0,0.0,27300.0,0,6,2,252,72,8,39,1634321.2542569416,0,0
46,40.0,109,0,1,191000.0,0.0,44100.0,0,3,0,365,15,8,19,0.0,0,0
36,75.0,84,2,1,5762000.0,2923000.0,36900.0,1,2,3,249,31,1,26,8522615.133821636,0,0
40,40.0,22,0,1,9939000.0,0.0,12100.0,0,4,2,199,117,7,20,4788745.114370374,1,0
48,250.0,42,0,0,1037000.0,4624000.0,51200.0,1,3,2,287,21,2,1,1895271.959443339,0,0
45,250.0,40,0,1,8603000.0,0.0,8500.0,0,2,2,283,59,2,18,2895750.416962743,0,0
28,40.0,10,0,1,5714000.0,1874000.0,12600.0,1,6,4,261,140,7,29,11380903.40003564,1,0
40,40.0,116,0,1,959000.0,0.0,77100.0,0,5,1,349,212,4,37,2998845.5255691186,1,0
43,75.0,63,0,1,9970000.0,0.0,36600.0,0,4,4,175,84,1,11,4957979.407982225,0,0
67,250.0,39,1,1,415000.0,711000.0,22400.0,1,1,4,5,170,8,30,10541034.307760295,1,1
48,75.0,69,0,1,7612000.0,1381000.0,45300.0,1,3,4,327,157,3,46,2511401.700316294,1,0
22,40.0,73,0,1,1179000.0,5693000.0,52900.0,1,2,3,144,108,7,31,5021863.322063046,0,0
45,75.0,52,0,1,1408000.0,605000.0,62500.0,1,4,3,149,187,4,38,7546450.732803185,1,1
42,250.0,113,0,1,5542000.0,0.0,44800.0,0,4,2,127,148,6,15,5896183.0091960095,1,0
44,250.0,8,0,1,3843000.0,5933000.0,64000.0,1,6,4,69,130,5,7,11620103.934405832,1,0
58,250.0,15,0,1,4129000.0,3998000.0,14900.0,1,4,3,359,103,1,22,3642345.995816597,1,0
54,250.0,43,1,1,5433000.0,3781000.0,21100.0,1,6,2,227,27,1,29,4632538.380384806,0,0
61,150.0,118,0,1,3617000.0,0.0,36200.0,0,2,2,45,158,6,40,1517911.7049677258,1,0
52,250.0,119,0,1,4623000.0,4068000.0,72200.0,1,4,2,181,152,4,41,998854.2615275141,1,1
33,150.0,61,1,1,4858000.0,0.0,21300.0,0,5,3,156,7,6,18,8940805.55337787,0,0
46,40.0,119,1,1,2898000.0,4833000.0,49700.0,1,3,0,365,50,4,44,0.0,0,0
26,75.0,83,0,1,7897000.0,0.0,5600.0,0,3,1,172,193,6,12,2755995.093262182,1,0
32,150.0,70,0,1,9145000.0,0.0,75700.0,0,3,3,244,21,2,49,7414283.562696535,1,0
33,250.0,111,1,1,188000.0,3312000.0,38000.0,1,6,3,331,97,1,44,5634936.742382545,0,0
35,40.0,82,2,1,2253000.0,567000.0,66400.0,1,6,4,28,11,4,32,2460100.116652188,0,0
54,75.0,116,0,1,9496000.0,0.0,56600.0,0,5,2,340,27,7,40,5381234.433057728,0,0
47,150.0,7,1,1,2399000.0,0.0,30900.0,0,6,3,146,50,1,30,1390455.722249531,0,0
25,75.0,85,1,1,3368000.0,0.0,79100.0,0,5,0,365,214,8,14,0.0,1,1
48,75.0,45,1,1,2809000.0,5907000.0,79000.0,1,5,2,18,35,0,23,1193602.2786029521,0,1
30,75.0,78,0,1,7430000.0,0.0,43500.0,0,6,0,365,116,5,33,0.0,0,0
51,250.0,67,0,1,9092000.0,4022000.0,26200.0,1,6,1,210,111,1,32,2996184.2387411827,0,0
48,250.0,12,2,1,1306000.0,0.0,51100.0,0,5,3,310,137,4,30,3985325.6304300185,1,1
36,250.0,15,1,0,8783000.0,3398000.0,69600.0,1,4,2,237,104,6,47,2834593.2843553326,0,0
48,250.0,43,1,1,9234000.0,0.0,8200.0,0,1,0,365,26,5,9,0.0,0,0
67,150.0,88,0,1,7515000.0,5235000.0,58500.0,1,3,3,264,56,2,43,1739164.5839895308,0,0
30,40.0,47,1,1,5762000.0,4882000.0,68100.0,1,5,1,341,214,4,2,1944286.2719932762,1,1
33,150.0,120,0,0,5685000.0,2525000.0,13900.0,1,6,1,115,98,6,30,2314501.7574154083,0,0
58,150.0,42,1,1,895000.0,505000.0,15100.0,1,5,0,365,22,4,29,0.0,0,0
56,250.0,80,0,1,1182000.0,2693000.0,24800.0,1,6,3,207,155,0,1,1267880.637095863,1,1
54,75.0,101,0,1,127000.0,0.0,60500.0,0,2,0,365,138,3,33,0.0,1,1
42,150.0,12,0,1,4625000.0,0.0,9000.0,0,3,4,218,76,1,26,8862588.78494449,0,0
34,150.0,24,1,1,9202000.0,711000.0,68000.0,1,2,4,207,224,4,48,6858795.464406821,1,1
44,150.0,102,0,1,5124000.0,0.0,72800.0,0,3,2,79,67,3,12,1875851.784312311,0,0
48,40.0,25,2,1,5659000.0,3561000.0,55400.0,1,5,3,326,82,2,29,7900399.686134471,0,0
45,250.0,83,0,1,5098000.0,0.0,26900.0,0,4,0,365,96,4,5,0.0,0,0
41,40.0,81,0,1,9545000.0,4486000.0,6200.0,1,5,3,261,40,0,29,5800547.25596752,0,0
52,150.0,94,0,1,7091000.0,0.0,79300.0,0,5,2,149,101,6,50,2565048.982302849,0,0
32,40.0,104,1,1,5602000.0,0.0,32800.0,0,3,2,303,171,2,23,2400154.9947270053,1,1
42,250.0,19,0,1,3798000.0,0.0,64000.0,0,2,1,221,132,5,2,2044267.0159804174,1,0
50,75.0,30,0,1,10000000.0,0.0,14900.0,0,3,1,281,215,8,3,1670762.224356545,1,0
34,75.0,79,0,1,7722000.0,4892000.0,15700.0,1,4,0,365,95,3,29,0.0,0,0
39,250.0,32,0,1,4717000.0,5044000.0,31300.0,1,5,4,200,130,8,27,9509936.36133622,1,0
47,75.0,105,1,1,4832000.0,0.0,31600.0,0,1,1,87,71,7,33,1069670.1379601867,0,0
47,250.0,14,2,1,3528000.0,355000.0,7100.0,1,5,4,196,59,0,21,11940873.793373546,1,0
34,150.0,104,0,0,4751000.0,5020000.0,61400.0,1,4,1,14,67,3,10,2745815.220578831,0,1
45,250.0,17,1,1,2422000.0,0.0,52200.0,0,5,1,260,154,8,2,2559056.845634405,1,1
49,75.0,94,0,1,2444000.0,2616000.0,54200.0,1,1,3,274,141,8,33,1448202.5155616528,1,0
57,250.0,114,0,1,2574000.0,294000.0,63700.0,1,3,0,365,170,1,50,0.0,1,1
28,150.0,20,0,1,1792000.0,4719000.0,38800.0,1,6,2,37,185,7,3,4982087.481977074,1,0
51,40.0,104,0,0,5178000.0,5937000.0,44800.0,1,3,0,365,167,3,19,0.0,1,1
51,40.0,113,1,1,4398000.0,2520000.0,36900.0,1,4,2,259,96,8,18,3279497.423299922,0,1
51,250.0,13,0,1,2973000.0,0.0,10900.0,0,3,3,223,44,7,23,4511917.681107187,0,0
56,150.0,81,2,1,9482000.0,635000.0,52100.0,1,3,2,78,219,7,3,5745062.739909882,1,1
41,75.0,102,1,1,372000.0,1090000.0,37600.0,1,3,1,276,95,6,21,1849588.8015015183,0,0
35,75.0,17,0,1,9140000.0,883000.0,62700.0,1,6,3,256,53,1,9,6521243.192430429,1,0
39,250.0,25,2,1,6835000.0,0.0,68100.0,0,3,1,153,230,4,11,1784992.2982146044,1,1
72,75.0,104,0,1,7931000.0,1573000.0,41000.0,1,3,3,287,35,1,5,4685987.298262566,0,0
53,250.0,70,0,1,1297000.0,2039000.0,8700.0,1,4,3,287,165,2,50,1939510.3470346122,1,0
39,250.0,67,2,0,1573000.0,0.0,15700.0,0,3,2,270,231,4,6,2468524.6446461147,1,1
45,150.0,19,1,1,6428000.0,0.0,48600.0,0,5,0,365,170,5,37,0.0,1,1
36,40.0,13,0,1,6529000.0,4648000.0,35100.0,1,6,0,365,229,8,19,0.0,1,1
36,150.0,64,0,1,4563000.0,0.0,56000.0,0,2,4,179,157,2,21,6215975.303973619,1,0
45,150.0,96,2,1,7619000.0,0.0,42700.0,0,1,4,235,65,2,7,2523236.618106768,0,0
70,250.0,113,1,1,1639000.0,2099000.0,47500.0,1,3,0,365,42,7,33,0.0,0,0
22,150.0,66,0,1,9669000.0,1448000.0,30200.0,1,1,4,9,218,1,28,4286082.5195629895,1,1
37,150.0,96,0,1,559000.0,0.0,46300.0,0,3,1,235,197,8,18,1343141.827445402,1,0
35,40.0,19,2,1,3424000.0,5646000.0,61100.0,1,2,4,28,11,2,46,6600841.358562954,0,0
51,250.0,69,0,1,3313000.0,3756000.0,15500.0,1,5,3,264,214,8,35,5709169.710610993,1,0
30,150.0,63,1,1,9800000.0,3585000.0,64400.0,1,6,1,140,169,3,47,1911655.963073623,1,1
39,250.0,24,0,1,3833000.0,4966000.0,21600.0,1,5,1,230,82,6,10,815117.6851327037,0,0
66,75.0,55,0,1,8491000.0,4419000.0,57300.0,1,5,0,365,85,7,34,0.0,0,0
29,75.0,61,2,1,7731000.0,0.0,58500.0,0,6,3,103,65,4,36,5841620.298637887,0,0
70,150.0,101,0,1,3205000.0,2223000.0,74900.0,1,6,1,283,99,6,23,1848387.3704588418,1,0
26,75.0,40,0,1,9244000.0,0.0,53500.0,0,6,2,143,240,8,45,5070939.198943382,1,0
60,40.0,81,1,1,9057000.0,0.0,20400.0,0,2,0,365,107,5,46,0.0,0,0
50,75.0,3,2,1,6546000.0,0.0,70800.0,0,4,2,152,84,4,42,4681919.720807193,0,0
33,40.0,86,0,1,9370000.0,5497000.0,16500.0,1,2,1,208,203,7,12,2992363.868338977,1,0
22,150.0,115,0,1,9288000.0,2143000.0,38000.0,1,6,4,73,219,8,30,10804007.608715098,1,0
41,40.0,45,0,1,1903000.0,0.0,59700.0,0,3,2,332,231,6,28,1547672.5347277094,1,0
64,40.0,54,1,1,3270000.0,0.0,22100.0,0,3,4,173,79,0,17,9340571.839239735,0,0
39,75.0,10,1,1,6876000.0,0.0,74100.0,0,6,1,156,96,3,15,2024520.578038335,1,1
62,250.0,22,0,1,7034000.0,0.0,73300.0,0,5,2,353,195,1,34,4714041.947843978,1,0
58,150.0,12,2,0,9034000.0,1373000.0,44300.0,1,2,4,110,185,7,6,2455392.239594374,1,1
33,250.0,106,0,0,5661000.0,0.0,46000.0,0,6,1,6,192,3,38,1369061.5168737953,1,1
47,250.0,47,1,1,8947000.0,0.0,78900.0,0,4,0,365,106,2,50,0.0,0,0
45,250.0,50,2,1,9072000.0,2379000.0,55600.0,1,6,2,183,32,2,35,4129084.1314609908,0,0
46,75.0,96,2,1,9786000.0,2885000.0,58400.0,1,4,2,182,41,4,13,1936565.0079203881,1,0
64,40.0,7,1,1,8843000.0,291000.0,18900.0,1,1,4,365,225,0,16,7656076.884700769,1,1
70,250.0,59,0,1,612000.0,3123000.0,25300.0,1,6,3,78,171,8,15,2818922.681691437,1,0
43,150.0,10,0,1,1793000.0,4137000.0,45800.0,1,1,4,168,180,6,27,9686689.636589594,1,0
48,250.0,26,1,1,3042000.0,4304000.0,65000.0,1,1,4,73,101,3,17,7218696.988552149,0,0
42,40.0,60,1,0,1945000.0,1757000.0,54900.0,1,5,0,365,20,3,49,0.0,0,0
37,75.0,64,0,1,9094000.0,0.0,19300.0,0,2,1,250,236,3,45,2316573.914131853,1,0
49,75.0,53,2,1,3838000.0,3295000.0,30700.0,1,3,4,245,196,5,14,6232843.922562665,1,1
55,250.0,8,0,1,2645000.0,0.0,75000.0,0,5,3,173,60,6,37,2134532.4224915607,0,0
54,250.0,73,1,1,8225000.0,0.0,77400.0,0,6,4,185,45,2,47,3016923.376276643,0,0
35,75.0,120,2,1,5263000.0,5067000.0,8700.0,1,6,0,365,3,6,9,0.0,0,0
53,75.0,11,1,0,3763000.0,3783000.0,54300.0,1,5,4,277,143,6,1,1369903.0821875732,1,1
44,150.0,71,2,0,6757000.0,4876000.0,73100.0,1,1,2,322,136,4,23,1901231.6944929443,1,1
60,250.0,13,0,1,9903000.0,1510000.0,55700.0,1,1,1,199,98,8,31,552451.3646531955,0,0
51,40.0,92,0,1,7855000.0,0.0,46600.0,0,1,1,359,229,7,18,920369.5421727451,1,0
42,40.0,90,2,1,377000.0,5587000.0,27200.0,1,2,4,158,43,3,37,11231849.354735946,0,0
54,250.0,89,2,1,1443000.0,5933000.0,58800.0,1,5,3,228,61,1,22,1334941.098773888,0,1
60,250.0,102,0,1,4533000.0,1523000.0,45600.0,1,4,4,321,77,3,46,2125496.470476746,0,0
53,150.0,22,0,1,3927000.0,0.0,30800.0,0,1,0,365,80,7,24,0.0,0,0
48,40.0,19,0,1,5149000.0,799000.0,9900.0,1,5,0,365,155,5,25,0.0,1,1
46,250.0,52,1,1,9928000.0,1608000.0,43100.0,1,6,2,142,128,2,5,2052162.4030627967,1,1
35,150.0,56,0,1,9445000.0,0.0,58500.0,0,4,2,74,79,0,26,3072452.8176907506,0,0
32,250.0,105,2,1,8244000.0,0.0,53100.0,0,5,0,365,84,3,31,0.0,0,0
58,250.0,43,0,1,5780000.0,1606000.0,32000.0,1,4,2,284,48,8,2,3798025.9849520815,1,0
52,250.0,93,0,1,738000.0,5117000.0,64200.0,1,6,3,342,41,6,25,2860371.4581334707,0,0
44,250.0,77,0,1,6933000.0,3353000.0,63900.0,1,3,1,132,170,5,11,595297.4481595748,1,1
45,40.0,75,2,1,7539000.0,0.0,77400.0,0,4,0,365,27,4,15,0.0,0,0
56,75.0,60,0,1,6920000.0,1074000.0,79800.0,1,4,0,365,108,1,8,0.0,0,0
35,75.0,47,0,1,4855000.0,0.0,39700.0,0,4,4,158,13,1,2,4644222.321551165,0,0
49,40.0,89,1,1,5184000.0,3401000.0,28500.0,1,4,2,327,49,2,41,4907881.256843031,0,0
35,250.0,6,1,1,4324000.0,0.0,3300.0,0,2,0,365,194,1,37,0.0,1,1
47,75.0,49,0,1,8633000.0,0.0,43600.0,0,6,4,305,31,5,23,7802130.94830122,0,0
39,75.0,107,1,1,5922000.0,4098000.0,27100.0,1,2,2,77,132,6,27,2615852.783207277,1,1
27,250.0,57,0,1,6470000.0,5999000.0,45700.0,1,4,2,235,160,0,23,2298732.079168559,1,1
36,250.0,20,0,1,6548000.0,2573000.0,40900.0,1,6,4,294,9,3,19,3006337.664223035,0,0
48,75.0,71,0,1,7737000.0,3073000.0,42300.0,1,5,0,365,200,8,24,0.0,1,1
55,40.0,100,1,1,1069000.0,5014000.0,60900.0,1,3,1,183,222,1,29,1514277.325642117,1,1
44,40.0,102,1,1,6907000.0,5194000.0,50000.0,1,4,0,365,37,3,14,0.0,0,0
44,150.0,71,0,1,7055000.0,0.0,25300.0,0,3,1,215,237,0,18,666090.0473556246,1,0
48,75.0,92,2,1,8293000.0,4617000.0,55100.0,1,4,0,365,163,4,41,0.0,1,1
51,250.0,12,1,1,5180000.0,0.0,24400.0,0,3,4,6,224,1,47,4734724.225738047,1,1
43,150.0,111,0,1,4325000.0,0.0,19300.0,0,3,3,300,35,7,22,3635816.7568833777,1,0
53,40.0,8,0,1,1286000.0,5174000.0,37000.0,1,1,4,357,234,2,42,3385036.629091917,1,0
47,150.0,14,1,1,9043000.0,0.0,15700.0,0,4,2,51,182,1,1,2917847.080078872,1,1
46,40.0,19,0,1,130000.0,0.0,29500.0,0,1,4,249,20,3,25,8695534.812118795,0,0
45,40.0,16,0,1,7746000.0,0.0,61000.0,0,2,2,293,4,2,29,969422.6806219267,0,0
62,75.0,83,1,1,4452000.0,1460000.0,72000.0,1,2,4,224,82,2,16,4996584.9161378,0,0
70,40.0,34,0,1,7801000.0,4205000.0,68300.0,1,6,2,265,50,6,19,3395845.2901050826,0,0
55,75.0,66,0,1,757000.0,5355000.0,3900.0,1,3,2,296,109,5,35,2688926.5436559585,0,0
71,250.0,101,0,1,2197000.0,0.0,74000.0,0,4,4,210,23,8,35,5774612.539854309,0,0
34,150.0,13,0,1,8090000.0,0.0,44300.0,0,4,1,228,188,3,4,1137457.6321722928,1,0
22,250.0,17,0,1,7430000.0,0.0,60000.0,0,1,0,365,37,0,11,0.0,0,0
35,150.0,69,0,1,3750000.0,0.0,60700.0,0,3,1,20,87,6,18,2382861.7843219866,0,0
49,150.0,94,2,1,5132000.0,522000.0,69200.0,1,2,3,298,174,1,15,7163964.521389676,1,1
56,40.0,8,2,0,3672000.0,0.0,73900.0,0,2,1,340,109,3,21,1792734.9289388342,0,0
34,150.0,37,1,1,6750000.0,0.0,7100.0,0,2,1,40,226,7,19,2876014.4001431544,1,1
29,150.0,44,0,1,2951000.0,0.0,63400.0,0,6,4,257,199,3,47,5177355.179118082,1,1
59,75.0,22,0,1,3497000.0,0.0,67600.0,0,1,1,197,219,4,7,2349108.7136769323,1,0
24,75.0,56,0,0,7131000.0,740000.0,73900.0,1,5,3,48,150,1,33,4613510.031207604,1,1
43,250.0,12,0,0,1351000.0,1892000.0,68500.0,1,4,3,144,61,1,13,3476267.5260554147,0,0
25,40.0,22,0,1,1251000.0,0.0,30600.0,0,2,4,66,25,2,44,4062085.610678849,0,0
45,40.0,30,1,1,2520000.0,0.0,30400.0,0,5,0,365,78,4,12,0.0,0,0
39,250.0,112,0,1,4647000.0,0.0,64900.0,0,2,0,365,17,3,9,0.0,0,0
32,250.0,50,1,1,5882000.0,0.0,73600.0,0,1,0,365,18,3,42,0.0,0,0
46,75.0,14,2,1,475000.0,0.0,38500.0,0,2,4,207,129,0,25,10074202.336548664,1,1
53,75.0,48,0,1,8840000.0,0.0,5700.0,0,5,3,286,124,0,6,4941022.040971642,1,0
26,75.0,56,0,1,6326000.0,4853000.0,64200.0,1,4,3,253,90,8,21,4785443.954993742,0,0
48,75.0,6,0,1,7796000.0,540000.0,79300.0,1,5,2,56,65,3,18,5859491.253360911,0,0
63,40.0,100,2,1,7984000.0,2258000.0,67600.0,1,2,0,365,153,5,48,0.0,1,1
59,40.0,93,1,1,5653000.0,1292000.0,79100.0,1,4,2,51,16,3,39,3248356.668688388,0,0
69,250.0,3,0,1,3441000.0,1229000.0,64800.0,1,3,0,365,39,2,50,0.0,0,0
42,150.0,12,0,1,1055000.0,0.0,26200.0,0,2,4,254,168,5,12,9751899.269998616,1,0
52,150.0,31,1,1,7353000.0,0.0,25700.0,0,2,4,295,10,2,39,10388175.22777809,0,0
33,75.0,84,0,1,7466000.0,0.0,21300.0,0,3,0,365,228,1,46,0.0,1,0
57,150.0,60,0,1,3537000.0,4765000.0,58500.0,1,1,4,216,128,6,23,11666299.7111414,1,0
30,40.0,109,0,1,6887000.0,1143000.0,8700.0,1,1,3,58,20,5,11,3015134.450856322,1,0
41,75.0,96,0,1,3413000.0,5915000.0,71800.0,1,6,0,365,169,2,39,0.0,1,1
63,75.0,9,0,1,6987000.0,0.0,58600.0,0,6,3,54,14,6,37,3308945.2462206855,0,0
64,250.0,22,0,0,8248000.0,0.0,51100.0,0,4,0,365,8,3,11,0.0,0,0
24,40.0,63,1,1,4917000.0,0.0,53900.0,0,1,4,200,96,2,29,3196717.18185411,0,0
49,250.0,62,0,1,1554000.0,4240000.0,10400.0,1,6,4,306,60,8,4,11683619.801474618,0,0
22,250.0,71,1,1,2395000.0,1933000.0,33400.0,1,6,0,365,148,8,37,0.0,1,1
29,75.0,18,2,1,1713000.0,1429000.0,17800.0,1,1,4,326,39,4,21,3380728.223700132,1,0
49,40.0,14,0,1,2798000.0,0.0,38300.0,0,1,4,81,39,1,7,2415203.500360085,0,0
38,40.0,103,0,1,4138000.0,0.0,32500.0,0,4,4,146,105,2,40,1604629.241375305,0,0
44,250.0,7,0,1,540000.0,2956000.0,23700.0,1,3,0,365,211,4,20,0.0,1,1
33,250.0,112,1,0,1387000.0,5850000.0,37100.0,1,3,4,50,50,7,14,7733774.630516708,1,1
38,250.0,97,0,1,609000.0,0.0,63900.0,0,1,4,273,227,0,12,2665018.0669842456,1,0
43,75.0,110,0,0,3636000.0,0.0,18300.0,0,3,4,68,176,0,16,8062425.9380191155,1,0
38,250.0,25,2,1,3475000.0,5058000.0,22900.0,1,6,0,365,9,6,4,0.0,0,0
68,75.0,112,0,1,6533000.0,0.0,42500.0,0,6,0,365,235,2,42,0.0,1,0
36,40.0,31,0,1,9672000.0,0.0,52500.0,0,4,3,116,121,4,44,4617883.953013938,1,0
43,250.0,77,0,1,8441000.0,2371000.0,52800.0,1,5,1,177,72,5,18,1600693.7308040264,0,0
52,150.0,27,0,1,8064000.0,4854000.0,49200.0,1,6,2,340,129,4,17,4494929.267000098,1,0
38,250.0,52,1,1,8169000.0,2190000.0,57900.0,1,6,4,348,93,8,20,10990486.259454591,0,0
41,75.0,40,0,0,8093000.0,0.0,61700.0,0,2,3,118,92,3,48,6200920.619244341,1,0
26,250.0,103,2,1,4664000.0,883000.0,7100.0,1,6,1,104,130,1,44,1574993.1424964245,1,1
64,150.0,55,0,1,2043000.0,0.0,34500.0,0,5,4,97,201,1,32,2746820.8448360953,1,0
51,75.0,43,1,0,7624000.0,0.0,16000.0,0,2,1,227,164,6,26,649396.0854343718,1,1
75,250.0,52,0,1,9503000.0,5374000.0,61300.0,1,5,0,365,175,0,41,0.0,1,1
43,75.0,91,2,1,5058000.0,0.0,26600.0,0,1,3,238,188,8,39,8582553.337929435,1,1
25,250.0,116,1,0,4927000.0,4551000.0,15700.0,1,4,0,365,59,2,14,0.0,0,0
35,75.0,18,0,1,8772000.0,0.0,22700.0,0,5,1,339,216,0,4,2087318.7727623156,1,0
37,250.0,59,0,1,1574000.0,4232000.0,51500.0,1,3,1,143,161,2,27,2088704.0079000213,1,1
65,40.0,68,1,0,1107000.0,0.0,18300.0,0,2,2,214,77,2,3,2532777.917374361,0,0
44,75.0,91,2,1,6733000.0,0.0,72800.0,0,5,2,266,21,1,17,5727008.484948027,0,0
45,250.0,40,0,0,8748000.0,5143000.0,30700.0,1,6,1,28,4,2,43,556495.8698925668,0,1
63,150.0,48,2,1,7344000.0,0.0,31700.0,0,3,0,365,104,6,30,0.0,0,0
32,250.0,91,2,1,7979000.0,856000.0,56600.0,1,1,2,307,125,7,12,1160050.770987195,1,1
34,150.0,81,0,1,9736000.0,958000.0,73900.0,1,1,4,138,169,5,1,1696501.114100436,1,0
56,75.0,88,2,1,6201000.0,2711000.0,59000.0,1,4,4,290,230,0,1,2805468.0843767263,1,1
28,75.0,67,1,1,795000.0,3052000.0,21500.0,1,3,0,365,59,8,42,0.0,0,0
37,75.0,13,0,1,8573000.0,0.0,37400.0,0,1,1,216,11,8,36,577136.9679964115,0,0
37,40.0,104,1,1,5108000.0,0.0,18900.0,0,6,3,32,211,3,30,3843074.068315469,1,1
45,250.0,94,1,1,7605000.0,0.0,20100.0,0,3,3,196,181,1,3,5336293.711722487,1,1
48,250.0,20,1,1,2580000.0,0.0,18100.0,0,1,4,102,185,5,7,3528366.6471846164,1,1
42,40.0,84,1,1,4533000.0,4019000.0,76600.0,1,2,1,29,143,6,38,1731983.7383015275,1,1
38,75.0,91,0,1,3905000.0,0.0,49200.0,0,3,4,316,236,3,18,5721579.255004288,1,0
51,150.0,40,0,0,7015000.0,0.0,60600.0,0,3,3,288,163,3,13,6666182.286800676,1,0
46,150.0,90,0,1,6518000.0,5758000.0,41800.0,1,6,1,292,124,6,44,2354092.56704928,1,1
24,150.0,115,1,1,301000.0,1043000.0,54600.0,1,2,2,354,66,2,4,5911074.925569623,0,0
37,150.0,29,1,0,1070000.0,5235000.0,59900.0,1,2,4,361,75,0,25,3766031.1037150086,0,0
35,150.0,73,0,1,8695000.0,0.0,69300.0,0,4,3,284,191,3,50,7016372.412189254,1,0
25,75.0,40,0,1,9627000.0,0.0,59600.0,0,1,4,140,35,2,38,4214412.260139473,0,0
48,40.0,45,0,1,9290000.0,0.0,49000.0,0,6,3,298,142,5,5,4873462.623344781,1,0
52,150.0,70,0,1,5076000.0,0.0,35000.0,0,5,3,114,171,5,22,2691704.4569217674,1,0
44,75.0,99,1,1,7534000.0,3966000.0,11800.0,1,3,2,354,228,5,25,5778042.806799241,1,1
37,40.0,52,0,1,5193000.0,0.0,62300.0,0,5,4,156,231,3,21,6457490.858983978,1,0
34,40.0,24,2,1,6288000.0,1423000.0,51500.0,1,2,4,110,139,6,42,10225182.839649986,1,1
57,40.0,98,1,0,427000.0,625000.0,16700.0,1,3,2,213,101,7,41,5519327.501928053,0,0
55,150.0,5,0,0,7217000.0,0.0,7900.0,0,6,1,262,29,4,44,1265790.3746197294,0,0
51,40.0,39,1,1,6624000.0,0.0,39500.0,0,5,0,365,193,6,35,0.0,1,1
22,75.0,41,1,1,7307000.0,2364000.0,76100.0,1,5,2,7,148,6,35,1265469.8582408945,1,1
51,40.0,42,0,1,2157000.0,5453000.0,68600.0,1,2,0,365,58,4,13,0.0,0,0
49,40.0,111,1,1,6465000.0,624000.0,54700.0,1,3,0,365,187,7,22,0.0,1,1
46,75.0,15,0,0,4884000.0,0.0,28300.0,0,6,2,191,208,5,28,3653980.8426875933,1,0
59,150.0,34,1,1,2803000.0,2285000.0,55300.0,1,3,4,161,126,8,7,6009866.114515135,1,1
49,40.0,110,0,1,2004000.0,4455000.0,51200.0,1,6,0,365,6,8,41,0.0,0,0
39,250.0,101,0,1,5458000.0,5993000.0,39400.0,1,2,2,306,189,4,9,5413762.736093865,1,0
49,40.0,53,0,0,9642000.0,0.0,78600.0,0,6,0,365,133,2,29,0.0,1,0
48,75.0,97,1,1,7627000.0,0.0,20800.0,0,3,1,270,234,5,25,2105181.120025292,1,1
55,250.0,115,0,1,7052000.0,0.0,43100.0,0,3,3,296,46,6,42,5586914.622852471,0,0
59,40.0,69,0,1,4088000.0,0.0,65900.0,0,3,4,8,130,2,29,10781456.9899848,1,1
22,40.0,68,1,1,3654000.0,0.0,58200.0,0,1,4,63,125,7,31,9960664.397227967,1,1
22,75.0,85,1,0,5756000.0,0.0,15400.0,0,6,2,137,238,2,34,901924.8224663986,1,1
45,40.0,115,1,1,903000.0,0.0,37600.0,0,4,2,215,155,2,38,1784564.6000203735,1,1
48,75.0,82,1,1,3460000.0,2830000.0,48500.0,1,2,2,108,135,8,44,1186278.6150681837,1,1
54,75.0,80,0,1,438000.0,4746000.0,41800.0,1,1,0,365,170,2,39,0.0,1,0
47,40.0,117,2,1,4236000.0,0.0,70400.0,0,6,2,251,204,6,23,5667476.790639915,1,1
27,40.0,57,0,1,8598000.0,0.0,24800.0,0,5,2,8,149,8,8,629535.0523993645,1,1
49,250.0,86,0,1,1111000.0,0.0,35800.0,0,5,4,318,72,6,49,7298438.566542835,0,0
52,250.0,25,0,1,3101000.0,0.0,29500.0,0,6,2,342,32,3,29,5216994.183247424,0,0
47,75.0,15,0,1,5528000.0,0.0,56700.0,0,6,0,365,101,0,6,0.0,0,0
39,250.0,79,0,0,846000.0,0.0,5900.0,0,4,4,271,75,0,50,7830828.37974051,0,0
54,250.0,59,0,1,5206000.0,1330000.0,63400.0,1,5,2,350,11,5,16,3922025.9227991668,0,0
45,75.0,14,2,1,3982000.0,0.0,48100.0,0,5,0,365,182,1,6,0.0,1,1
50,150.0,47,2,1,1986000.0,5592000.0,47300.0,1,3,0,365,131,1,36,0.0,1,1
57,150.0,46,2,1,8767000.0,4916000.0,47300.0,1,6,4,129,195,5,50,7282220.921093246,1,1
41,250.0,117,0,0,722000.0,0.0,51800.0,0,2,2,216,92,8,35,4920871.526784791,0,0
39,150.0,34,0,1,3453000.0,3416000.0,16700.0,1,3,3,354,240,3,32,2380554.066387241,1,0
54,75.0,97,0,1,8358000.0,0.0,67400.0,0,3,0,365,29,1,6,0.0,0,0
55,250.0,81,0,1,8488000.0,2353000.0,27300.0,1,5,4,266,73,6,15,3175016.121800709,0,0
49,75.0,9,0,1,374000.0,2214000.0,69300.0,1,2,1,240,82,0,1,2185260.333859577,0,0
35,250.0,77,0,1,1912000.0,1725000.0,23700.0,1,5,2,112,109,5,24,3293358.089695063,1,0
23,150.0,60,0,0,2324000.0,779000.0,23800.0,1,2,4,81,123,0,12,3317482.7126794476,1,1
52,75.0,117,1,1,7864000.0,1940000.0,46300.0,1,5,0,365,27,2,4,0.0,0,0
48,150.0,63,1,0,2635000.0,2290000.0,45900.0,1,3,4,352,157,3,37,2509364.8835404003,1,1
74,75.0,102,0,1,7759000.0,2792000.0,9000.0,1,5,2,332,208,5,27,5288591.31265363,1,0
46,250.0,111,2,0,3169000.0,0.0,53300.0,0,6,4,232,201,5,48,4129479.4945945693,1,1
50,250.0,55,0,1,2385000.0,0.0,22400.0,0,6,1,208,28,1,5,868543.026973741,1,0
35,250.0,73,0,1,9960000.0,803000.0,50600.0,1,1,4,131,190,4,29,4541203.058339985,1,0
67,75.0,70,1,0,8611000.0,2086000.0,39700.0,1,5,4,362,140,2,38,2659241.0063077235,1,1
64,250.0,70,1,1,4842000.0,1517000.0,9900.0,1,3,3,10,2,8,49,2161312.0664577223,0,0
33,150.0,39,0,0,9472000.0,2967000.0,3700.0,1,4,2,285,97,3,27,4902543.872885235,1,0
45,250.0,53,0,1,8293000.0,1479000.0,9100.0,1,6,0,365,197,4,19,0.0,1,1
24,150.0,55,0,0,1148000.0,0.0,38100.0,0,4,4,14,40,0,35,3228125.9794753212,0,1
43,40.0,39,0,1,2366000.0,1074000.0,41000.0,1,3,4,242,180,0,22,11978005.218588475,1,0
32,75.0,10,0,1,1857000.0,5395000.0,22300.0,1,4,1,132,100,7,16,2931415.9577637413,0,0
54,40.0,28,0,1,9822000.0,2942000.0,55500.0,1,3,2,26,192,8,34,3997486.9723057766,1,1
29,250.0,84,0,1,6684000.0,0.0,77900.0,0,2,3,146,151,1,26,1022048.4126777861,1,0
40,40.0,8,0,1,1592000.0,4671000.0,22200.0,1,4,0,365,160,5,49,0.0,1,1
41,40.0,48,1,1,1302000.0,1550000.0,78600.0,1,6,4,15,178,6,23,9118439.382940719,1,1
42,150.0,118,0,1,5450000.0,3043000.0,46600.0,1,5,4,311,236,8,11,4173504.198869674,1,0
22,75.0,60,0,1,57000.0,0.0,52100.0,0,4,1,191,200,3,21,1973283.4377396037,1,0
42,250.0,27,0,1,6150000.0,2071000.0,52300.0,1,1,0,365,170,1,3,0.0,1,1
67,75.0,25,2,1,1033000.0,3512000.0,67400.0,1,6,3,118,157,1,1,1297593.5806890395,1,1
41,75.0,86,0,1,8020000.0,0.0,7700.0,0,5,4,34,212,4,34,10077886.375680128,1,0
75,40.0,109,0,1,1016000.0,4406000.0,43900.0,1,2,0,365,170,3,37,0.0,1,1
45,75.0,74,1,1,6404000.0,0.0,30600.0,0,4,4,90,204,2,36,10734499.409230841,1,1
47,150.0,87,0,1,3556000.0,0.0,27300.0,0,3,4,225,213,5,39,9453191.17336721,1,0
38,75.0,51,1,1,9618000.0,0.0,37500.0,0,4,0,365,10,4,39,0.0,0,0
44,75.0,116,0,1,8564000.0,0.0,4700.0,0,6,2,240,93,2,9,1109150.488702774,0,0
36,75.0,32,0,1,5712000.0,1461000.0,8900.0,1,3,2,358,181,1,39,3236692.5512165446,1,0
41,40.0,96,1,1,9223000.0,2139000.0,70700.0,1,4,1,121,193,0,41,2648423.5881272936,1,1
22,250.0,9,0,0,1538000.0,3114000.0,20000.0,1,1,4,309,149,8,6,11687234.643195981,1,1
59,150.0,103,0,0,5736000.0,0.0,6800.0,0,4,4,362,35,2,31,6619689.648542582,0,0
40,250.0,53,1,1,7370000.0,1628000.0,8500.0,1,4,1,216,110,5,23,603830.6527861832,0,1
28,150.0,79,1,1,3530000.0,0.0,66300.0,0,4,4,124,53,5,10,1684677.550058831,0,0
31,40.0,17,1,1,1519000.0,5028000.0,25200.0,1,3,1,246,7,5,14,1123818.7351462708,0,0
56,75.0,29,0,1,6249000.0,5955000.0,56500.0,1,6,0,365,151,8,3,0.0,1,1
53,40.0,39,0,1,4676000.0,0.0,75800.0,0,1,3,342,94,1,2,6270151.249333261,0,0
38,250.0,32,2,1,9044000.0,3011000.0,49000.0,1,1,0,365,130,7,36,0.0,1,1
30,40.0,8,0,1,3964000.0,0.0,15100.0,0,3,3,125,130,4,4,5964370.859033184,1,0
42,250.0,116,2,1,9494000.0,1508000.0,29300.0,1,4,1,271,175,3,27,2270702.092587644,1,1
53,75.0,57,2,1,5445000.0,0.0,18900.0,0,2,2,163,178,8,9,5257973.372532368,1,1
40,75.0,86,2,1,5596000.0,0.0,76000.0,0,1,0,365,216,2,47,0.0,1,1
32,150.0,115,2,1,7469000.0,0.0,66300.0,0,6,3,101,29,2,12,2130852.151742383,0,0
52,150.0,80,0,1,6889000.0,0.0,30700.0,0,6,2,314,122,5,12,3312552.772232491,1,0
48,250.0,63,0,1,7657000.0,0.0,4200.0,0,3,2,108,195,3,5,4608779.972979657,1,0
56,250.0,113,1,1,8881000.0,2680000.0,62800.0,1,5,4,206,158,8,34,8978169.86575196,1,1
38,40.0,69,0,1,8784000.0,1625000.0,44400.0,1,6,0,365,101,8,49,0.0,0,0
36,40.0,27,0,1,8285000.0,0.0,38500.0,0,4,1,77,120,7,6,2162872.9879544526,0,0
26,40.0,26,1,1,1396000.0,2599000.0,37700.0,1,2,2,51,66,5,45,5365761.615747878,0,0
29,75.0,94,1,0,6359000.0,695000.0,57500.0,1,6,2,199,13,2,22,2644864.6096279304,0,0
22,75.0,23,2,1,4225000.0,1995000.0,62200.0,1,4,2,72,53,0,40,1234791.483373391,0,0
47,40.0,61,0,1,6099000.0,3062000.0,19700.0,1,6,4,312,155,0,16,5972253.904175557,1,0
38,150.0,82,1,1,1889000.0,0.0,7200.0,0,3,0,365,220,0,43,0.0,1,1
44,150.0,45,2,0,1824000.0,0.0,54800.0,0,5,2,301,94,0,6,5817983.6247773785,0,0
46,150.0,50,2,1,8441000.0,577000.0,39300.0,1,1,3,216,136,3,45,3566589.068391376,1,1
40,40.0,16,0,1,922000.0,4400000.0,49600.0,1,6,3,299,161,5,9,3003246.318218625,1,0
48,250.0,69,1,1,8842000.0,1550000.0,25400.0,1,2,0,365,8,7,41,0.0,0,0
28,75.0,105,1,1,3529000.0,0.0,65100.0,0,2,0,365,53,4,17,0.0,0,0
47,150.0,41,0,1,6874000.0,0.0,29300.0,0,6,1,104,86,5,44,2546515.478746582,0,0
45,250.0,105,0,0,4633000.0,0.0,69600.0,0,3,4,33,215,8,20,11220131.749063091,1,1
38,150.0,74,0,1,8005000.0,5351000.0,30200.0,1,2,1,197,162,8,11,1215711.5284783444,1,1
47,250.0,26,0,1,7067000.0,2024000.0,5400.0,1,4,0,365,226,3,24,0.0,1,1
49,150.0,30,0,1,422000.0,0.0,18600.0,0,1,1,261,41,3,22,2457368.2517051,1,0
57,150.0,102,0,1,9824000.0,0.0,42700.0,0,2,0,365,11,7,25,0.0,0,0
48,40.0,3,0,0,8725000.0,2133000.0,71500.0,1,1,3,164,165,3,21,1082090.1153850155,1,1
64,150.0,38,0,1,2763000.0,1113000.0,11800.0,1,5,1,184,142,5,18,857758.9248480462,1,0
22,150.0,76,0,0,3420000.0,2773000.0,13000.0,1,4,1,32,24,6,26,586002.6809254216,0,0
37,250.0,81,0,1,7596000.0,0.0,65300.0,0,1,4,52,210,7,7,7332124.46438811,1,0
51,250.0,63,0,1,6189000.0,5495000.0,33200.0,1,6,3,171,118,7,2,7289107.521417825,0,0
47,40.0,47,0,1,3519000.0,0.0,47300.0,0,5,0,365,211,1,21,0.0,1,0
37,40.0,104,0,1,2424000.0,1613000.0,15200.0,1,4,3,360,153,6,28,2586728.9810830145,1,0
33,150.0,72,1,1,7407000.0,4329000.0,67400.0,1,1,4,54,212,7,12,4714083.418212438,1,0
33,250.0,11,0,1,8208000.0,2099000.0,52700.0,1,1,0,365,211,2,38,0.0,1,1
33,40.0,99,0,0,3930000.0,3552000.0,18100.0,1,6,3,352,79,6,46,5519238.903628347,1,1
50,150.0,14,0,1,8484000.0,5145000.0,7800.0,1,5,1,188,30,4,2,2199056.1359530813,0,0
34,250.0,83,0,1,5474000.0,0.0,54000.0,0,4,0,365,144,6,24,0.0,1,0
38,75.0,39,2,1,764000.0,0.0,4200.0,0,6,4,74,23,2,42,11729730.292367566,0,0
75,250.0,117,1,1,1839000.0,0.0,42200.0,0,5,4,100,110,0,37,5037318.089887513,0,0
58,75.0,94,0,1,3701000.0,5874000.0,46700.0,1,6,4,45,38,8,49,11586767.696271617,0,0
44,250.0,69,0,1,4751000.0,0.0,60100.0,0,6,0,365,164,8,38,0.0,1,1
37,40.0,118,0,1,5151000.0,2922000.0,59500.0,1,4,3,23,179,4,47,3242588.3900882006,1,1
53,150.0,10,1,1,6580000.0,1892000.0,59800.0,1,1,1,44,219,4,17,642417.6057063749,1,1
52,150.0,38,2,0,1787000.0,0.0,48600.0,0,2,3,138,202,3,32,7443509.599720946,1,1
52,40.0,46,2,1,8226000.0,5058000.0,61000.0,1,4,2,331,44,3,37,4167603.358454995,0,0
36,150.0,9,1,1,1718000.0,0.0,33700.0,0,3,2,204,123,4,10,2650924.288414074,1,1
44,250.0,4,0,1,3191000.0,0.0,43800.0,0,1,0,365,138,5,28,0.0,1,0
47,150.0,45,0,1,5863000.0,0.0,38500.0,0,6,2,351,178,2,21,3407742.5392120746,1,0
49,40.0,109,0,1,6871000.0,2239000.0,58800.0,1,3,0,365,8,1,4,0.0,1,1
51,75.0,79,1,1,8572000.0,0.0,13000.0,0,6,2,361,49,4,19,5438408.803929116,0,0
55,40.0,84,0,1,6938000.0,4072000.0,62300.0,1,3,0,365,20,4,50,0.0,0,0
44,250.0,45,2,1,1820000.0,603000.0,78400.0,1,2,2,60,38,8,50,4085609.156318824,0,0
50,40.0,119,0,1,751000.0,0.0,59000.0,0,4,0,365,129,2,42,0.0,1,0
48,40.0,88,0,1,3944000.0,0.0,3300.0,0,6,4,211,218,1,35,6363905.801694265,1,0
32,250.0,91,1,1,9354000.0,2282000.0,55500.0,1,4,0,365,167,1,24,0.0,1,1
44,150.0,13,1,1,2071000.0,0.0,45700.0,0,4,3,59,163,5,32,6536646.456717314,1,1
45,250.0,97,0,0,9964000.0,0.0,21400.0,0,4,0,365,140,4,32,0.0,1,1
56,250.0,5,0,0,476000.0,885000.0,65100.0,1,6,2,124,238,1,3,4601678.096715113,1,0
46,250.0,86,0,1,2465000.0,3963000.0,4100.0,1,6,0,365,80,1,30,0.0,0,0
39,40.0,107,1,0,6176000.0,566000.0,18600.0,1,3,4,355,149,8,9,4701737.362926202,1,1
47,75.0,100,0,1,2775000.0,0.0,61300.0,0,2,2,302,12,2,7,2968770.545092827,0,0
60,250.0,102,0,1,122000.0,0.0,74300.0,0,6,3,248,179,2,14,4271400.161962051,1,0
42,150.0,69,0,1,6932000.0,0.0,48900.0,0,6,1,159,91,6,1,1993417.4659215338,0,0
62,75.0,18,2,1,8634000.0,5923000.0,42100.0,1,4,2,104,30,2,44,2092703.5531891335,0,0
57,250.0,66,0,1,6466000.0,0.0,24900.0,0,4,4,31,238,8,12,1667828.8126569078,1,0
48,40.0,65,0,0,4476000.0,0.0,47600.0,0,4,0,365,175,5,15,0.0,1,1
45,150.0,32,0,1,3787000.0,1480000.0,39300.0,1,4,0,365,113,2,14,0.0,1,1
38,250.0,25,0,0,6339000.0,5858000.0,18600.0,1,2,0,365,147,0,18,0.0,1,1
72,250.0,61,0,1,2987000.0,0.0,15100.0,0,6,2,288,220,3,6,3721855.8075929694,1,0
39,250.0,113,2,1,2828000.0,4434000.0,59700.0,1,2,0,365,113,3,38,0.0,1,1
63,40.0,56,2,0,7698000.0,395000.0,43900.0,1,4,1,128,23,8,49,1521591.6941856563,0,0
39,250.0,30,0,1,953000.0,2983000.0,26500.0,1,6,1,242,199,2,46,2936336.101800726,1,0
28,150.0,83,0,1,753000.0,5382000.0,28600.0,1,1,3,318,140,3,44,6554245.368863445,1,0
32,150.0,97,2,1,3672000.0,499000.0,32500.0,1,4,3,336,145,1,36,3868107.266870632,1,1
44,75.0,20,2,1,4811000.0,0.0,75300.0,0,5,2,120,84,5,18,4667136.891358273,0,0
63,250.0,38,0,1,5039000.0,5011000.0,39200.0,1,5,3,193,206,1,13,4561024.899257014,1,0
56,250.0,14,0,1,9568000.0,0.0,11400.0,0,3,0,365,39,7,10,0.0,1,0
44,40.0,40,0,1,4765000.0,2637000.0,59800.0,1,1,1,123,215,8,42,359498.8700288754,1,1
31,150.0,86,1,1,6984000.0,5083000.0,37300.0,1,3,3,138,60,7,24,2291070.716031405,1,1
46,40.0,21,0,1,9245000.0,0.0,57800.0,0,3,0,365,46,2,11,0.0,0,0
48,40.0,43,0,1,2091000.0,0.0,57400.0,0,6,3,234,140,2,35,2098348.1393799996,1,1
37,40.0,54,2,1,9282000.0,1105000.0,77700.0,1,5,3,156,123,4,49,6142676.011578411,1,1
37,75.0,105,0,1,6907000.0,0.0,59300.0,0,1,0,365,143,1,20,0.0,1,0
37,75.0,60,0,1,1992000.0,3253000.0,63200.0,1,3,0,365,23,8,29,0.0,0,0
62,40.0,68,0,1,5140000.0,525000.0,54300.0,1,4,0,365,220,6,24,0.0,1,1
35,40.0,39,0,1,5632000.0,0.0,19600.0,0,4,4,152,43,6,47,9879803.44875937,1,0
38,75.0,109,0,0,4772000.0,0.0,69800.0,0,3,0,365,153,6,6,0.0,1,1
47,150.0,56,0,1,9153000.0,1356000.0,67100.0,1,3,1,159,215,4,32,2521557.8923439267,1,0
63,250.0,31,0,0,9562000.0,0.0,67200.0,0,4,0,365,172,4,27,0.0,1,1
37,75.0,6,0,1,714000.0,4524000.0,47700.0,1,5,3,248,179,1,24,5986767.984598085,1,0
48,40.0,111,0,1,4637000.0,0.0,56400.0,0,3,0,365,71,5,27,0.0,0,0
52,150.0,9,0,1,5163000.0,4645000.0,17100.0,1,1,2,166,213,4,18,3536046.6103410497,1,1
42,150.0,15,0,1,1413000.0,0.0,24700.0,0,4,2,84,130,3,13,1153056.433622029,1,0
28,40.0,56,0,0,9238000.0,2981000.0,27000.0,1,3,0,365,115,8,49,0.0,1,1
44,75.0,93,0,1,1331000.0,0.0,56500.0,0,6,0,365,34,3,9,0.0,1,1
38,250.0,91,1,0,4868000.0,0.0,36200.0,0,2,0,365,205,8,38,0.0,1,1
44,40.0,119,0,0,7558000.0,4738000.0,73800.0,1,2,2,184,9,1,10,1597821.8527230876,0,1
75,150.0,77,0,1,7299000.0,1603000.0,46900.0,1,1,1,103,74,2,49,1727864.5991228132,0,0
39,40.0,30,2,1,6996000.0,1274000.0,54900.0,1,1,0,365,92,6,28,0.0,0,1
53,75.0,55,0,1,1148000.0,0.0,13500.0,0,3,1,257,31,6,19,522069.45185297425,0,0
52,150.0,90,2,1,2941000.0,5161000.0,17500.0,1,1,4,193,47,0,44,11342085.618783653,0,0
52,40.0,53,0,1,1477000.0,0.0,33800.0,0,5,2,106,88,3,39,949436.2202587271,0,0
54,250.0,18,0,1,7660000.0,4643000.0,48700.0,1,6,3,313,105,7,33,4754192.894697813,0,0
57,250.0,16,0,1,9427000.0,0.0,5300.0,0,6,0,365,19,7,44,0.0,0,0
61,75.0,51,1,1,6251000.0,0.0,61500.0,0,6,4,108,77,7,32,9761499.284453956,0,0
42,150.0,106,2,1,364000.0,2696000.0,73500.0,1,4,4,23,10,2,36,5979606.379302497,0,0
59,150.0,116,1,1,7171000.0,0.0,40500.0,0,1,4,355,140,7,31,8328848.764157787,1,1
49,75.0,67,0,1,3809000.0,4124000.0,62000.0,1,3,1,70,216,5,23,1894251.220835893,1,1
45,40.0,100,2,1,3484000.0,0.0,30500.0,0,3,0,365,64,3,16,0.0,0,0
47,40.0,119,1,1,1739000.0,0.0,44500.0,0,1,4,220,70,0,45,7334933.572705134,0,0
28,40.0,43,0,1,8093000.0,780000.0,55000.0,1,3,3,158,95,6,13,2249680.4653116,0,0
52,40.0,110,2,1,3008000.0,0.0,47200.0,0,2,1,301,26,5,18,2237808.4762342614,0,0
41,250.0,57,0,1,3053000.0,4864000.0,36300.0,1,5,4,324,133,7,43,5544850.321960893,1,0
47,75.0,115,0,1,5790000.0,1435000.0,77100.0,1,6,3,277,209,6,37,8491019.697243001,1,1
43,40.0,69,0,1,7477000.0,0.0,61900.0,0,4,1,216,70,4,42,2011604.2185545466,0,0
52,75.0,54,0,0,7981000.0,0.0,26900.0,0,4,4,23,53,2,18,5757806.591590926,0,1
39,150.0,104,1,1,8533000.0,0.0,77200.0,0,4,1,47,82,4,5,2620876.807872689,1,1
57,250.0,117,0,1,9434000.0,0.0,58800.0,0,2,0,365,148,8,8,0.0,1,0
46,150.0,66,2,1,8077000.0,0.0,28400.0,0,5,2,116,38,1,12,5651700.518157278,0,0
59,150.0,59,0,1,5358000.0,0.0,56900.0,0,1,4,131,73,2,24,6328424.541455322,0,0
38,150.0,108,0,1,396000.0,4489000.0,64500.0,1,1,2,201,81,5,44,1966107.6395566063,0,0
63,75.0,112,0,0,9279000.0,5524000.0,26200.0,1,2,2,328,83,6,3,5545810.326708611,0,0
38,40.0,108,1,1,9269000.0,2130000.0,35500.0,1,1,3,185,109,8,48,5001309.562754441,0,0
27,40.0,100,0,1,7921000.0,989000.0,33900.0,1,6,1,132,134,2,39,599236.1391046685,1,0
50,150.0,60,0,1,6890000.0,0.0,66700.0,0,3,0,365,108,5,12,0.0,0,0
32,250.0,109,2,1,9235000.0,3953000.0,51300.0,1,1,2,91,14,6,40,2013629.0936679407,0,0
47,150.0,22,0,1,1218000.0,4368000.0,36500.0,1,4,4,109,50,4,19,2479933.36934169,0,0
29,250.0,19,0,1,8250000.0,0.0,59000.0,0,2,4,19,76,4,16,9758606.174410751,0,1
52,75.0,50,0,1,4715000.0,0.0,70100.0,0,6,2,221,190,4,5,4452014.124921527,1,0
67,40.0,9,0,1,9968000.0,5648000.0,77500.0,1,5,1,263,160,6,20,314474.66004545667,1,1
26,150.0,19,2,1,2640000.0,3122000.0,74600.0,1,4,0,365,83,8,28,0.0,0,0
44,40.0,43,0,0,8356000.0,4537000.0,74300.0,1,3,3,140,134,5,28,5864745.722112599,1,1
42,150.0,97,2,1,8538000.0,0.0,53600.0,0,4,0,365,40,0,15,0.0,0,0
29,250.0,36,0,1,8957000.0,0.0,41100.0,0,4,4,62,218,2,8,6143804.807396801,1,1
44,75.0,114,0,1,8235000.0,3467000.0,54100.0,1,2,1,297,48,6,5,1720241.5978199884,0,0
49,250.0,89,0,1,9814000.0,0.0,12400.0,0,3,1,83,9,1,30,2559838.46316899,0,0
51,250.0,61,1,1,3328000.0,454000.0,50900.0,1,4,2,29,207,4,21,1741381.0496159324,1,1
52,40.0,73,2,1,1821000.0,0.0,77300.0,0,4,0,365,220,3,11,0.0,1,1
47,250.0,39,1,1,3021000.0,0.0,64700.0,0,6,3,313,35,5,43,8220247.602076765,0,0
43,150.0,68,0,1,2721000.0,0.0,49200.0,0,1,3,227,163,6,6,5872329.045902805,1,1
36,150.0,62,1,1,9310000.0,3258000.0,52800.0,1,1,4,249,78,2,9,2055177.8122622008,0,0
44,150.0,110,0,1,5532000.0,5520000.0,42500.0,1,5,1,296,210,4,23,1554572.5284837869,1,1
46,40.0,101,0,0,1837000.0,1257000.0,33300.0,1,1,3,237,195,7,40,3442965.4818504145,1,0
55,150.0,120,2,1,7483000.0,0.0,49500.0,0,6,0,365,138,0,1,0.0,1,1
39,40.0,24,1,1,6594000.0,0.0,60300.0,0,6,3,358,174,6,20,6494364.566786628,1,0
39,75.0,4,0,1,1923000.0,356000.0,40000.0,1,2,4,280,50,1,20,10294568.866204014,0,0
25,75.0,63,0,0,7401000.0,2783000.0,40300.0,1,1,2,296,214,6,4,1687227.4681336398,1,1
54,40.0,83,1,1,4982000.0,0.0,47600.0,0,6,3,209,126,8,38,1199839.4410961997,1,1
33,250.0,32,1,1,3193000.0,0.0,7900.0,0,6,4,323,167,5,29,2462959.996936612,1,1
44,40.0,23,0,1,2359000.0,0.0,19900.0,0,6,4,155,187,6,27,2616512.5246217297,1,0
63,150.0,104,0,1,2112000.0,0.0,56200.0,0,1,2,85,157,7,7,1535771.959105244,1,0
42,250.0,41,0,1,3620000.0,1713000.0,55100.0,1,2,1,177,112,1,40,2478401.9654385527,0,0
47,75.0,65,0,1,514000.0,0.0,70600.0,0,3,1,229,206,7,49,2207293.276758041,1,0
42,40.0,103,1,1,8245000.0,443000.0,11100.0,1,6,0,365,54,5,11,0.0,0,0
32,250.0,100,0,1,6489000.0,0.0,28800.0,0,2,0,365,53,7,27,0.0,0,0
66,40.0,34,1,1,1754000.0,0.0,23500.0,0,6,3,130,40,8,27,5998467.256027918,0,0
38,75.0,105,0,1,9521000.0,3194000.0,55500.0,1,1,1,269,19,1,22,2237589.4865160175,0,0
61,75.0,58,0,1,6433000.0,5435000.0,7500.0,1,6,3,353,181,8,20,4296372.91175293,1,0
45,150.0,119,0,1,6123000.0,1052000.0,34100.0,1,6,0,365,141,7,45,0.0,1,1
53,250.0,102,0,1,3378000.0,0.0,58800.0,0,6,3,266,143,4,34,2631249.577193248,1,0
55,75.0,5,0,1,2451000.0,4690000.0,58900.0,1,5,0,365,17,5,17,0.0,0,0
57,150.0,18,0,1,3015000.0,0.0,59700.0,0,4,2,302,146,8,39,4949092.835389774,1,0
60,150.0,39,1,1,1443000.0,2390000.0,59800.0,1,1,2,189,118,1,10,5043350.704045351,0,0
69,250.0,13,0,1,2187000.0,0.0,9000.0,0,6,4,304,129,6,29,10617759.76157108,1,0
65,250.0,96,2,1,1315000.0,0.0,57800.0,0,2,1,238,123,0,48,2175070.9040025985,1,1
37,150.0,120,2,1,1253000.0,0.0,47000.0,0,1,1,196,79,4,32,1302961.8563003568,0,0
41,75.0,21,1,1,3086000.0,1844000.0,17100.0,1,6,1,39,224,0,27,1778350.7089417586,1,1
51,150.0,75,0,1,8353000.0,0.0,67200.0,0,2,4,346,116,2,47,9426130.834663194,0,0
44,250.0,52,0,1,9583000.0,5362000.0,59700.0,1,6,0,365,44,0,37,0.0,0,1
65,150.0,74,1,1,9554000.0,0.0,44700.0,0,1,2,262,231,0,8,4653016.297292059,1,1
45,75.0,5,0,1,8397000.0,3561000.0,9500.0,1,5,4,256,222,0,22,7560044.685645576,1,0
52,250.0,6,2,1,1191000.0,0.0,10600.0,0,2,2,50,41,4,27,1979994.4367173712,0,0
41,40.0,81,2,1,3015000.0,773000.0,14000.0,1,3,1,127,194,3,32,440070.920042027,1,0
49,250.0,17,0,1,701000.0,368000.0,51800.0,1,1,1,289,168,2,20,965053.4589591725,1,0
39,250.0,13,1,1,1467000.0,3335000.0,16000.0,1,2,4,289,117,0,1,11582602.779895972,0,0
30,150.0,86,2,0,4848000.0,3668000.0,67600.0,1,4,2,266,74,0,11,3759859.498885979,0,0
47,40.0,41,0,1,7264000.0,5993000.0,70600.0,1,2,3,180,164,4,49,8059846.057929232,1,0
65,150.0,34,1,1,9592000.0,0.0,28300.0,0,6,0,365,238,0,39,0.0,1,1
57,40.0,89,0,1,4915000.0,2478000.0,9200.0,1,6,1,348,115,1,23,2709944.9213342844,1,0
42,250.0,108,1,1,8128000.0,5906000.0,12600.0,1,3,4,15,196,4,44,1301123.6696870932,1,1
52,150.0,27,0,1,7192000.0,0.0,21000.0,0,4,1,365,182,3,1,1058042.1666105257,1,0
62,250.0,17,2,1,5540000.0,4027000.0,46600.0,1,6,2,70,192,1,9,952947.3750001844,1,1
37,75.0,115,0,1,6796000.0,0.0,79400.0,0,6,3,237,2,6,42,6413510.86450323,0,0
50,40.0,112,2,1,2777000.0,4145000.0,38900.0,1,3,1,119,14,4,27,2686266.5924973395,0,0
38,150.0,3,0,1,8086000.0,5944000.0,20400.0,1,6,1,105,44,5,20,2775887.0987218414,0,0
44,40.0,6,0,1,6282000.0,2139000.0,22300.0,1,1,3,175,135,3,5,7643391.851640537,1,0
51,250.0,100,0,1,9747000.0,0.0,73600.0,0,4,1,36,237,7,4,2413144.847336014,1,0
54,250.0,11,0,0,8507000.0,0.0,33900.0,0,5,2,342,161,0,30,5268746.818883044,1,0
58,250.0,115,1,0,6774000.0,351000.0,42800.0,1,5,0,365,28,0,39,0.0,0,0
40,75.0,118,0,1,4239000.0,0.0,58800.0,0,4,0,365,37,0,4,0.0,0,0
29,250.0,68,2,1,8858000.0,0.0,62700.0,0,2,3,9,134,2,4,3257617.952581665,1,1
39,40.0,57,0,1,2053000.0,597000.0,17600.0,1,4,4,174,220,5,40,7677432.875916879,1,0
44,150.0,23,0,1,4985000.0,5536000.0,52200.0,1,6,0,365,161,3,16,0.0,1,1
45,150.0,106,1,1,9899000.0,0.0,30900.0,0,1,1,230,51,5,3,684485.3273373526,1,0
56,75.0,28,0,1,1784000.0,0.0,68300.0,0,2,0,365,7,2,17,0.0,1,0
26,40.0,109,1,1,1154000.0,5629000.0,26500.0,1,2,3,274,206,6,46,6253360.593229638,1,1
63,75.0,115,2,1,3813000.0,0.0,31800.0,0,5,2,320,152,3,35,5573473.40769659,1,1
40,75.0,44,0,1,1308000.0,0.0,42100.0,0,5,2,245,204,1,11,4527412.134704005,1,0
41,150.0,66,0,1,5278000.0,3003000.0,76600.0,1,4,4,303,168,0,14,8091540.485239031,1,1
49,75.0,60,2,1,8893000.0,0.0,47000.0,0,3,1,48,77,7,34,662691.8519242215,0,0
57,40.0,62,0,1,4353000.0,2332000.0,41300.0,1,3,2,140,167,1,23,2985117.871034653,1,0
41,150.0,110,0,1,2800000.0,0.0,20500.0,0,1,0,365,11,8,13,0.0,0,0
44,150.0,35,0,1,2781000.0,4293000.0,79800.0,1,6,3,158,74,5,26,969124.4150520583,1,1
53,40.0,63,1,1,8661000.0,1520000.0,58700.0,1,2,4,241,89,1,21,9003111.794557387,0,0
53,250.0,101,2,1,8537000.0,0.0,5300.0,0,2,2,9,129,5,22,2250088.4525039163,1,1
45,250.0,90,1,1,3031000.0,3604000.0,46700.0,1,1,2,174,147,6,25,5877114.001991173,1,0
55,250.0,11,0,1,5717000.0,0.0,37800.0,0,3,0,365,28,8,12,0.0,0,0
56,250.0,6,0,0,2874000.0,1552000.0,53800.0,1,1,3,92,85,6,26,5100106.609534333,0,0
70,40.0,19,0,1,9553000.0,0.0,69700.0,0,2,3,345,123,2,39,4400825.478322494,1,0
58,150.0,78,0,1,2057000.0,5948000.0,37300.0,1,4,2,296,227,7,30,3439625.125944718,1,0
52,40.0,97,0,1,3500000.0,5087000.0,64000.0,1,4,2,96,232,6,30,2841284.896026015,1,0
37,75.0,92,0,1,2435000.0,5249000.0,24100.0,1,6,1,116,234,7,27,2184718.7799338396,1,1
42,40.0,50,0,0,3294000.0,2815000.0,22500.0,1,5,0,365,8,1,41,0.0,0,0
55,250.0,51,0,1,426000.0,0.0,22300.0,0,6,3,242,126,7,5,6329394.132377772,1,0
46,75.0,94,2,0,8424000.0,1189000.0,4400.0,1,1,0,365,33,8,48,0.0,0,0
73,40.0,88,1,1,3613000.0,0.0,19700.0,0,1,2,29,216,8,42,2987113.9761985,1,1
47,40.0,52,1,1,534000.0,2389000.0,18500.0,1,2,2,13,109,0,1,1679922.7319172523,0,1
58,75.0,90,1,1,7979000.0,5017000.0,15900.0,1,2,0,365,133,1,21,0.0,1,1
52,75.0,82,0,1,1252000.0,1440000.0,30500.0,1,2,0,365,169,5,1,0.0,1,1
64,250.0,31,0,1,3721000.0,591000.0,19800.0,1,3,4,57,184,8,37,11817506.923505085,1,0
48,40.0,79,0,1,9249000.0,0.0,62400.0,0,2,3,346,125,1,22,8821974.402648129,1,0
44,250.0,51,0,1,7061000.0,277000.0,4600.0,1,1,4,322,22,0,9,9378254.030870602,0,0
48,150.0,28,0,1,9238000.0,0.0,49100.0,0,4,3,167,166,0,34,1987562.7961220155,1,0
64,250.0,85,1,1,7342000.0,0.0,29400.0,0,2,2,361,186,3,39,4927839.759824343,1,1
42,150.0,26,0,0,746000.0,1316000.0,51800.0,1,2,2,308,142,3,16,1095500.719084214,1,1
59,250.0,95,0,1,4269000.0,0.0,49700.0,0,3,4,108,71,7,6,11651438.755277699,1,0
52,150.0,53,0,1,6113000.0,0.0,36400.0,0,2,4,200,111,1,49,1413959.6330287778,1,0
41,150.0,79,0,1,3835000.0,0.0,26600.0,0,3,4,74,185,7,13,1976948.2165495204,1,1
43,75.0,3,0,1,4940000.0,5569000.0,75400.0,1,6,4,306,20,6,3,4524356.914485441,1,0
42,40.0,52,2,1,9573000.0,4673000.0,60900.0,1,3,4,193,180,0,42,8057781.245080274,1,1
31,250.0,97,0,1,3646000.0,4298000.0,5200.0,1,6,3,353,39,4,16,5804028.648058423,0,0
64,75.0,4,0,0,3874000.0,4295000.0,78000.0,1,1,2,89,214,6,17,5330433.30076264,1,0
33,250.0,78,0,1,7290000.0,715000.0,52000.0,1,3,3,208,180,4,1,6964713.586845674,1,0
37,250.0,3,0,1,4198000.0,0.0,25200.0,0,4,0,365,97,2,46,0.0,0,0
64,250.0,26,0,0,2165000.0,1365000.0,60700.0,1,2,4,324,29,2,6,5959888.857378391,0,0
36,250.0,18,0,1,4805000.0,4102000.0,10800.0,1,1,1,26,26,3,34,2096370.1514348588,0,1
56,250.0,80,0,1,4885000.0,0.0,61300.0,0,5,3,180,82,3,24,6423065.992520993,0,0
22,250.0,81,0,1,1047000.0,0.0,38200.0,0,6,2,67,224,8,18,738674.3072443422,1,1
28,75.0,50,0,1,5173000.0,4029000.0,3200.0,1,6,3,189,225,0,48,1034705.4633021061,1,1
57,250.0,32,1,1,860000.0,2682000.0,74700.0,1,4,1,155,157,3,46,2282549.9060684294,1,1
61,40.0,19,0,0,9963000.0,5926000.0,38900.0,1,4,4,128,64,3,11,8356534.792775015,0,0
52,40.0,16,0,1,9293000.0,0.0,72500.0,0,3,0,365,67,7,43,0.0,0,0
54,75.0,71,1,1,3361000.0,1498000.0,47300.0,1,5,0,365,89,6,46,0.0,0,1
46,250.0,86,1,1,8094000.0,1497000.0,11900.0,1,1,0,365,89,3,48,0.0,1,1
35,150.0,19,2,1,67000.0,559000.0,44200.0,1,4,3,352,205,2,34,7147375.309144654,1,1
24,75.0,16,0,1,1490000.0,5669000.0,67500.0,1,4,2,79,193,0,39,3847913.2334166854,1,0
33,40.0,38,2,1,8295000.0,3071000.0,57200.0,1,4,0,365,209,5,10,0.0,1,1
47,75.0,111,1,1,573000.0,5220000.0,16800.0,1,4,3,342,235,2,2,8873555.291455973,1,1
56,150.0,57,1,1,3941000.0,3261000.0,24800.0,1,6,4,170,194,0,46,2251051.3202378703,1,0
33,75.0,76,0,1,1491000.0,0.0,19800.0,0,6,0,365,168,0,24,0.0,1,0
33,40.0,89,1,1,9828000.0,0.0,55300.0,0,2,1,247,47,0,8,1260076.4053331958,1,0
51,150.0,78,0,0,2488000.0,889000.0,33500.0,1,3,2,197,200,1,50,4125103.621364245,1,0
46,250.0,38,1,1,1210000.0,0.0,12400.0,0,6,2,298,148,7,18,724344.5110991045,1,0
37,40.0,104,0,1,7042000.0,1931000.0,12600.0,1,3,0,365,234,8,12,0.0,1,1
25,40.0,53,0,1,4911000.0,3210000.0,48000.0,1,6,1,111,170,1,12,2334472.1826394508,1,0
44,75.0,3,0,1,1332000.0,0.0,18900.0,0,2,0,365,67,0,6,0.0,1,0
47,150.0,49,2,1,6599000.0,1640000.0,6600.0,1,5,3,232,37,7,45,6239176.383064906,0,0
46,150.0,80,0,1,8207000.0,0.0,21300.0,0,2,0,365,221,3,9,0.0,1,0
46,75.0,78,0,0,790000.0,1679000.0,32400.0,1,2,1,351,110,2,35,2850799.305634829,0,0
45,150.0,84,1,1,6590000.0,0.0,66200.0,0,5,0,365,212,2,21,0.0,1,1
36,250.0,51,0,1,1290000.0,0.0,11500.0,0,5,3,190,234,5,50,6085437.660818476,1,0
28,75.0,38,0,1,3817000.0,809000.0,74300.0,1,2,3,255,26,8,23,5669499.104118945,0,0
30,150.0,73,0,0,3214000.0,0.0,60900.0,0,2,4,70,68,0,44,6350108.1824075375,0,0
36,75.0,87,0,1,576000.0,4407000.0,78000.0,1,6,4,98,114,5,30,8833297.036171667,0,0
41,150.0,57,0,1,2326000.0,3887000.0,9700.0,1,3,3,329,22,1,47,7746489.423737964,0,0
36,40.0,24,0,0,9299000.0,0.0,65200.0,0,1,4,74,124,7,33,8511957.081360888,1,1
34,40.0,54,0,1,123000.0,2665000.0,44100.0,1,3,0,365,191,8,44,0.0,1,1
30,250.0,24,1,1,2289000.0,636000.0,67600.0,1,5,1,199,45,5,8,1441350.1258035838,0,0
52,75.0,109,0,1,3027000.0,0.0,25600.0,0,2,0,365,163,6,14,0.0,1,0
42,40.0,62,2,1,109000.0,0.0,38400.0,0,3,1,100,104,5,1,1244248.5876644396,0,0
45,250.0,28,0,1,1282000.0,0.0,40500.0,0,2,3,207,97,4,24,2731371.38644352,0,0
56,75.0,71,1,0,8402000.0,0.0,15500.0,0,3,1,106,30,3,19,1269939.2146293514,0,0
38,250.0,56,1,1,2030000.0,0.0,39900.0,0,6,1,286,128,2,21,1436957.371387505,1,0
43,250.0,67,1,1,1358000.0,5755000.0,64000.0,1,2,0,365,130,0,50,0.0,1,1
35,40.0,89,1,1,130000.0,2985000.0,24700.0,1,1,2,266,49,3,18,3935111.0653838282,0,0
65,150.0,92,0,1,7079000.0,0.0,65400.0,0,6,2,307,163,2,15,1618812.5786168794,1,0
51,250.0,7,0,1,226000.0,0.0,18400.0,0,1,3,123,58,5,28,6571286.778374095,0,0
40,250.0,85,0,0,9433000.0,0.0,57800.0,0,2,1,5,15,5,14,790729.384946828,0,1
38,150.0,119,1,1,4938000.0,0.0,28700.0,0,1,0,365,5,8,50,0.0,1,0
37,150.0,49,1,1,5312000.0,2355000.0,53100.0,1,2,1,71,163,1,3,2695423.2594906306,1,1
45,75.0,27,1,1,5488000.0,0.0,29400.0,0,6,2,83,13,2,13,3481210.794241392,0,0
47,150.0,117,2,1,9753000.0,5390000.0,37500.0,1,6,0,365,113,1,31,0.0,0,0
48,40.0,24,0,1,502000.0,0.0,46600.0,0,6,0,365,210,6,32,0.0,1,0
22,40.0,24,0,1,3933000.0,3722000.0,18900.0,1,1,0,365,57,0,33,0.0,0,0
59,150.0,41,2,1,1235000.0,0.0,20200.0,0,5,0,365,12,2,18,0.0,1,0
65,150.0,114,1,1,8243000.0,0.0,44200.0,0,1,3,286,69,2,27,3528951.1648885435,1,1
36,150.0,44,2,1,3587000.0,0.0,59200.0,0,3,0,365,6,8,43,0.0,1,0
51,40.0,95,1,1,8707000.0,3879000.0,45400.0,1,4,0,365,70,3,38,0.0,0,1
51,250.0,22,0,1,1526000.0,0.0,39900.0,0,4,0,365,49,2,13,0.0,0,0
47,75.0,85,0,1,8184000.0,4187000.0,17500.0,1,2,0,365,64,7,42,0.0,1,1
43,40.0,95,0,1,6053000.0,2392000.0,4600.0,1,1,1,47,70,2,41,656883.4243008934,0,0
36,40.0,104,0,1,7089000.0,0.0,18600.0,0,4,4,162,86,7,10,10007021.163120568,0,0
58,150.0,83,0,0,5469000.0,0.0,10900.0,0,4,0,365,235,3,2,0.0,1,1
31,250.0,21,0,1,6860000.0,4183000.0,58000.0,1,1,1,149,93,1,40,906210.6346688261,0,0
59,150.0,120,0,0,4315000.0,0.0,28800.0,0,2,2,356,79,4,23,5422834.780836673,1,1
72,150.0,120,0,1,9074000.0,0.0,64500.0,0,1,2,80,83,2,25,4800033.813279958,0,0
47,250.0,107,0,1,2821000.0,725000.0,79600.0,1,2,3,222,125,6,39,3486457.8172793426,1,0
46,150.0,20,1,1,4216000.0,0.0,41300.0,0,5,2,302,185,6,34,2676987.1685768343,1,1
53,75.0,92,0,1,8513000.0,0.0,30900.0,0,4,1,183,94,2,19,460858.95270613715,0,0
35,250.0,34,0,1,1216000.0,4236000.0,14000.0,1,6,0,365,110,5,4,0.0,0,0
22,40.0,64,1,1,3684000.0,0.0,9100.0,0,1,0,365,214,6,10,0.0,1,1
31,250.0,98,0,1,4728000.0,4391000.0,37200.0,1,6,3,35,227,0,39,1801259.997209068,1,0
49,75.0,4,0,1,4570000.0,4326000.0,22900.0,1,5,2,85,71,1,34,2887819.4125729147,0,0
44,75.0,98,0,1,1878000.0,0.0,60400.0,0,5,1,244,124,5,42,2504708.8561173663,1,0
45,250.0,24,0,1,2736000.0,0.0,11000.0,0,3,3,149,43,8,7,1127195.7646324653,0,0
56,40.0,99,2,1,9296000.0,0.0,21500.0,0,1,1,252,13,0,21,1822096.1694682664,0,0
48,150.0,4,2,1,5027000.0,2024000.0,33100.0,1,3,1,262,27,8,50,1194559.1069733626,0,0
36,250.0,64,0,1,1558000.0,0.0,38700.0,0,6,0,365,185,3,14,0.0,1,0
42,75.0,101,1,1,9923000.0,3731000.0,43300.0,1,3,2,189,161,6,3,2430711.8279527463,1,1
51,250.0,33,0,1,1566000.0,0.0,51300.0,0,4,0,365,5,2,50,0.0,1,0
45,40.0,66,0,1,1657000.0,1825000.0,31000.0,1,1,0,365,183,7,17,0.0,1,1
58,150.0,100,2,1,1283000.0,0.0,46800.0,0,1,3,322,236,2,29,4147607.6358047808,1,1
44,150.0,50,0,1,8780000.0,5949000.0,6300.0,1,6,0,365,204,3,45,0.0,1,1
61,40.0,22,2,1,4023000.0,0.0,8600.0,0,4,1,244,166,8,30,1242132.4972649626,1,1
45,75.0,96,0,1,4359000.0,0.0,33900.0,0,1,4,248,31,4,30,3496460.0204284564,0,0
32,75.0,63,0,1,9879000.0,4690000.0,7800.0,1,3,4,113,224,0,49,3504944.975555219,1,0
37,150.0,35,1,0,4080000.0,0.0,26000.0,0,6,4,347,230,4,12,6867601.784410573,1,1
45,40.0,117,2,1,1687000.0,2226000.0,35300.0,1,4,2,228,92,6,1,5814185.103491891,0,0
44,75.0,12,1,1,6657000.0,0.0,66400.0,0,6,3,239,39,7,21,1014912.9041962386,0,0
45,250.0,36,0,0,8333000.0,929000.0,37600.0,1,5,0,365,57,3,27,0.0,0,0
33,75.0,79,0,1,9719000.0,3546000.0,4100.0,1,3,0,365,231,4,33,0.0,1,1
30,40.0,92,0,1,3550000.0,0.0,66800.0,0,4,3,95,119,6,24,1818377.9955165514,0,0
63,75.0,72,0,1,6819000.0,3878000.0,57100.0,1,1,1,13,159,6,7,542022.4380045114,1,1
42,40.0,84,0,1,2935000.0,0.0,35400.0,0,2,4,245,33,5,30,2436611.9363311715,0,0
46,250.0,3,2,1,2713000.0,4020000.0,26700.0,1,4,1,217,10,0,2,2730505.5838410514,0,0
37,150.0,110,1,1,3384000.0,5763000.0,79400.0,1,2,4,334,102,0,37,3280732.3564268155,0,0
40,250.0,96,0,1,4402000.0,778000.0,64700.0,1,5,0,365,149,6,49,0.0,1,1
46,150.0,110,0,1,978000.0,0.0,36700.0,0,6,2,283,237,1,37,750219.0048824102,1,0
50,75.0,61,1,1,6543000.0,0.0,20100.0,0,2,2,198,199,4,43,4522088.152260752,1,1
56,40.0,21,1,1,1079000.0,2863000.0,48900.0,1,1,0,365,69,2,6,0.0,0,0
22,150.0,119,1,1,268000.0,627000.0,76900.0,1,1,0,365,109,6,21,0.0,0,1
28,250.0,106,0,1,6614000.0,3861000.0,68800.0,1,1,3,319,155,8,1,4819679.040900022,1,0
30,150.0,18,0,0,5142000.0,0.0,14700.0,0,3,0,365,57,0,21,0.0,0,0
51,40.0,96,1,0,2032000.0,0.0,10100.0,0,6,3,258,113,8,26,4683054.359526001,1,1
38,150.0,25,0,1,9621000.0,797000.0,64100.0,1,5,2,254,112,7,28,5750315.203511163,0,0
38,150.0,107,0,0,2037000.0,0.0,30200.0,0,6,4,22,132,4,38,3006289.7712443518,1,1
27,150.0,53,0,1,7919000.0,0.0,30500.0,0,1,0,365,97,5,10,0.0,0,0
44,40.0,4,0,0,4680000.0,0.0,64200.0,0,2,4,113,136,3,7,4263033.927228007,1,1
46,40.0,76,2,1,3212000.0,2057000.0,18200.0,1,4,3,68,117,2,39,4312021.6933339685,0,0
59,250.0,33,0,1,8568000.0,5930000.0,73200.0,1,3,0,365,105,0,35,0.0,1,1
44,40.0,46,1,0,8035000.0,0.0,58700.0,0,3,3,289,200,5,32,4142789.174959915,1,1
39,250.0,41,1,1,9673000.0,904000.0,31800.0,1,5,0,365,59,0,1,0.0,0,0
42,150.0,113,1,1,1952000.0,0.0,72500.0,0,3,1,31,68,0,8,2822097.9612935437,0,0
28,150.0,12,0,1,3827000.0,4252000.0,74200.0,1,5,2,80,194,6,41,2324396.4750635056,1,0
62,40.0,69,0,1,9765000.0,2067000.0,59300.0,1,2,0,365,198,4,46,0.0,1,1
36,75.0,87,1,1,798000.0,3069000.0,19400.0,1,6,0,365,211,6,13,0.0,1,1
37,150.0,29,1,1,3168000.0,5677000.0,57600.0,1,6,0,365,131,1,9,0.0,1,1
53,150.0,52,2,1,7811000.0,1290000.0,24400.0,1,2,1,59,192,1,16,697682.2819156655,1,1
70,250.0,26,0,1,3552000.0,886000.0,45400.0,1,3,2,225,132,5,4,2743411.2065421646,1,0
53,150.0,15,0,1,1980000.0,1299000.0,16600.0,1,3,4,60,176,0,42,6801079.3706961395,1,0
60,40.0,31,0,1,2426000.0,3286000.0,24200.0,1,5,4,56,58,4,32,5432607.369446475,0,0
45,75.0,47,1,1,81000.0,0.0,17300.0,0,6,3,357,63,2,21,7805767.908275193,0,0
50,75.0,26,0,1,6677000.0,2682000.0,4600.0,1,3,2,9,154,5,31,4267695.88817215,1,1
69,250.0,114,0,0,5694000.0,5944000.0,67300.0,1,5,2,56,79,5,29,4786385.383509953,0,0
40,150.0,72,0,1,185000.0,0.0,30200.0,0,6,4,356,134,0,10,2417819.527650806,1,0
28,75.0,87,2,1,5797000.0,0.0,56600.0,0,4,1,198,165,1,18,823373.7035523918,1,1
59,250.0,115,0,1,8886000.0,2468000.0,35100.0,1,3,1,364,89,1,28,1864695.446224584,0,0
32,150.0,39,0,0,1514000.0,4149000.0,43300.0,1,3,2,152,18,4,1,2239686.2374905786,0,0
59,75.0,39,1,0,101000.0,2243000.0,67200.0,1,1,3,262,172,8,10,8017648.9784900155,1,1
56,150.0,21,2,1,853000.0,1469000.0,39400.0,1,3,0,365,175,6,28,0.0,1,1
27,40.0,117,0,1,5661000.0,0.0,55300.0,0,3,2,107,66,2,27,4289934.39186637,0,0
41,150.0,42,0,1,5481000.0,2381000.0,70400.0,1,4,0,365,136,7,45,0.0,1,1
60,150.0,62,0,1,4640000.0,5493000.0,5000.0,1,4,0,365,37,4,16,0.0,0,0
50,150.0,19,1,1,583000.0,5102000.0,12700.0,1,6,0,365,208,8,30,0.0,1,1
37,40.0,10,0,1,5964000.0,0.0,66300.0,0,5,3,67,191,8,48,7900944.407977198,1,0
45,75.0,69,0,1,2274000.0,4119000.0,68600.0,1,3,1,324,178,3,8,2475165.47970011,1,0
63,75.0,80,2,1,1081000.0,0.0,4900.0,0,5,1,158,105,7,12,2800319.9952013106,0,0
51,150.0,108,1,1,1276000.0,1048000.0,4700.0,1,2,2,363,141,3,31,1522187.6558823953,1,1
40,150.0,88,0,1,2788000.0,0.0,32700.0,0,1,4,150,119,1,37,2800198.524460816,0,0
32,150.0,7,1,1,474000.0,5461000.0,77100.0,1,4,4,86,93,8,33,4190563.6228508987,0,0
69,250.0,68,0,1,7206000.0,0.0,29100.0,0,6,2,342,79,6,5,2103036.7794542685,1,0
42,250.0,51,2,1,7100000.0,0.0,42000.0,0,6,2,306,150,5,38,4367951.009795172,1,1
48,250.0,11,0,1,1011000.0,0.0,11200.0,0,6,2,126,28,2,47,5899173.339958592,1,0
55,250.0,11,0,1,7512000.0,0.0,37000.0,0,3,1,169,29,7,25,2793587.282821398,0,0
42,75.0,28,0,1,2052000.0,0.0,15500.0,0,5,2,17,163,1,14,1064498.8115383901,1,1
42,75.0,117,0,1,8652000.0,2176000.0,55500.0,1,6,4,111,148,7,33,3253478.5284843394,1,1
50,75.0,105,0,1,755000.0,0.0,9000.0,0,5,1,31,155,8,22,1646523.0570923423,1,0
52,150.0,109,0,1,8721000.0,0.0,77500.0,0,1,2,317,130,4,26,5207254.169850816,1,0
47,40.0,77,0,1,348000.0,0.0,29000.0,0,3,0,365,229,0,9,0.0,1,0
49,150.0,99,1,1,775000.0,0.0,76000.0,0,5,1,41,108,1,36,1233783.0457750806,0,0
38,75.0,37,1,0,2291000.0,2231000.0,39800.0,1,2,0,365,16,0,50,0.0,0,0
59,75.0,71,1,1,230000.0,2997000.0,32800.0,1,4,4,286,37,1,29,8774448.107256014,0,0
48,150.0,48,0,1,2359000.0,0.0,48300.0,0,2,1,12,225,3,4,2975534.588581109,1,1
47,75.0,59,0,0,6569000.0,0.0,21800.0,0,3,0,365,103,7,43,0.0,0,0
51,40.0,12,0,1,7365000.0,2270000.0,73500.0,1,2,3,287,76,3,34,8525558.600367326,1,0
54,150.0,92,0,0,4138000.0,0.0,76200.0,0,4,2,271,61,4,48,5525065.747950301,0,0
60,40.0,50,1,1,2389000.0,0.0,36900.0,0,4,1,22,71,4,38,1647050.2239322516,0,1
43,40.0,10,0,1,8635000.0,2431000.0,6400.0,1,2,4,343,80,0,35,6950912.926825912,0,0
42,40.0,119,1,1,9079000.0,4899000.0,48500.0,1,1,4,34,208,1,36,10550016.750525916,1,1
38,150.0,112,2,1,7206000.0,0.0,62200.0,0,3,0,365,99,7,48,0.0,1,1
65,75.0,19,2,1,2780000.0,5993000.0,62400.0,1,3,4,145,94,4,43,1616947.0537298187,0,1
30,40.0,18,0,1,8484000.0,2774000.0,4300.0,1,1,3,289,57,6,4,4789684.0703913495,0,0
59,40.0,38,2,1,4432000.0,1696000.0,63600.0,1,3,2,94,39,0,15,1828062.1633218687,0,0
43,40.0,26,1,1,467000.0,4361000.0,7700.0,1,6,3,185,140,0,39,1030557.2084705624,1,1
35,40.0,12,0,0,2080000.0,0.0,46900.0,0,6,4,78,8,5,39,10659213.893542524,0,0
43,150.0,55,2,1,2976000.0,381000.0,31400.0,1,3,1,113,208,5,33,586826.6801864132,1,1
34,150.0,30,0,1,1543000.0,4623000.0,53000.0,1,1,2,299,163,8,47,3653172.8783166236,1,0
53,40.0,111,2,1,6609000.0,3218000.0,27400.0,1,2,3,173,64,5,15,8279663.1252514925,0,0
65,40.0,91,0,1,3651000.0,2242000.0,41900.0,1,3,2,219,60,2,35,3024427.315935808,0,0
47,250.0,89,0,0,2905000.0,0.0,27200.0,0,1,2,328,227,3,12,3710463.4543410037,1,1
27,40.0,24,0,1,9305000.0,4509000.0,12700.0,1,1,1,42,35,8,34,2163125.7254684432,1,1
26,250.0,48,0,1,2969000.0,0.0,28900.0,0,3,1,28,20,5,29,2984162.0799145466,1,1
38,250.0,97,1,1,1389000.0,1264000.0,62000.0,1,5,0,365,231,0,38,0.0,1,1
38,250.0,51,0,1,2829000.0,4683000.0,20900.0,1,4,4,201,83,2,10,4280777.763472801,0,0
63,75.0,58,0,1,1040000.0,1852000.0,12100.0,1,3,2,152,236,4,39,5380885.481196136,1,1
69,75.0,88,0,0,5112000.0,1179000.0,49100.0,1,1,2,18,96,3,19,635991.5765909537,1,1
57,250.0,96,0,0,9184000.0,4354000.0,73800.0,1,1,4,49,223,2,18,6527159.941501994,1,1
54,40.0,48,1,1,790000.0,0.0,15100.0,0,3,1,166,230,0,28,2208386.4640998202,1,1
35,150.0,27,1,1,405000.0,3880000.0,3600.0,1,2,2,140,122,2,32,4236077.207749059,1,1
42,250.0,39,0,1,5187000.0,0.0,58700.0,0,2,0,365,19,7,36,0.0,0,0
53,75.0,7,0,1,5860000.0,0.0,52100.0,0,4,2,123,226,4,43,5340604.111705296,1,0
46,250.0,79,0,1,1168000.0,0.0,70800.0,0,3,4,344,110,1,12,4714288.0996456705,0,0
31,150.0,87,0,1,7748000.0,3006000.0,65000.0,1,4,2,142,131,3,27,756397.755228156,1,1
36,150.0,36,1,1,4281000.0,1712000.0,7200.0,1,4,3,28,80,7,27,6053756.162748107,0,1
44,75.0,71,0,1,6152000.0,2112000.0,49600.0,1,1,1,51,201,5,23,2466514.7701189513,1,0
63,40.0,86,0,1,9853000.0,5061000.0,33500.0,1,6,0,365,207,2,24,0.0,1,1
32,75.0,73,1,1,249000.0,0.0,75400.0,0,1,4,149,79,0,15,1656679.8127815975,0,0
59,75.0,7,0,0,6570000.0,961000.0,60000.0,1,3,1,365,197,6,2,499503.65544986783,1,1
42,75.0,15,1,1,6077000.0,0.0,27000.0,0,3,1,239,53,1,17,1115815.7373959888,1,0
40,250.0,51,0,0,5632000.0,3003000.0,72900.0,1,5,4,259,188,6,24,1385895.3500245705,1,1
67,40.0,60,0,1,2360000.0,0.0,31500.0,0,5,0,365,81,5,10,0.0,0,0
39,40.0,15,0,1,5954000.0,687000.0,34000.0,1,4,2,257,66,6,20,918237.9748225642,0,0
46,75.0,7,0,1,105000.0,0.0,56200.0,0,5,4,338,62,5,30,4580574.6999556795,0,0
48,40.0,120,0,1,7581000.0,0.0,15500.0,0,6,0,365,52,7,8,0.0,0,0
39,250.0,66,0,1,7502000.0,3373000.0,33800.0,1,3,0,365,77,4,34,0.0,0,0
51,150.0,75,1,0,2084000.0,3761000.0,58000.0,1,5,4,174,239,2,11,6199105.792303868,1,1
30,250.0,4,0,1,9933000.0,232000.0,57000.0,1,2,4,36,161,7,39,4775179.408661405,1,0
44,150.0,84,0,1,9282000.0,1793000.0,66200.0,1,4,3,211,67,8,35,3874925.905156564,0,0
64,75.0,12,0,0,1824000.0,0.0,46400.0,0,2,4,308,156,4,48,4765730.051823568,1,0
37,250.0,29,0,1,959000.0,4859000.0,14300.0,1,2,1,31,37,8,29,1173012.2648926526,0,0
33,250.0,44,0,1,3963000.0,0.0,62600.0,0,6,3,167,137,1,39,7693060.349137218,1,0
54,75.0,84,1,1,5627000.0,3043000.0,63800.0,1,6,0,365,232,6,42,0.0,1,1
43,40.0,113,0,1,7298000.0,1440000.0,46100.0,1,2,2,10,52,7,24,5639239.2027169,0,0
34,40.0,78,0,0,2575000.0,0.0,74000.0,0,5,3,208,13,4,18,6097559.887750092,0,0
42,40.0,113,1,1,4572000.0,1208000.0,60700.0,1,6,1,19,158,2,46,403122.7029691741,1,1
55,75.0,13,0,1,6393000.0,0.0,7800.0,0,1,3,104,169,0,22,8865567.769153897,1,0
62,150.0,117,1,1,9446000.0,3195000.0,75400.0,1,4,1,261,39,4,6,475378.23186023376,0,0
44,40.0,38,1,1,6371000.0,0.0,67800.0,0,1,3,243,147,1,37,1853488.029284515,1,1
22,40.0,17,2,1,3209000.0,0.0,51300.0,0,1,1,196,119,1,47,887319.8004249717,1,1
53,150.0,110,1,1,7487000.0,4481000.0,26900.0,1,4,2,294,82,6,15,2106402.335750317,0,1
45,150.0,116,0,1,4424000.0,0.0,10100.0,0,3,3,272,117,2,3,7156201.409539504,1,0
26,250.0,22,0,1,3502000.0,4903000.0,64300.0,1,2,3,112,68,3,30,1635135.753881237,0,0
54,40.0,69,1,1,5889000.0,0.0,31700.0,0,4,1,58,163,5,1,1170404.526542711,1,0
48,250.0,45,0,1,3612000.0,0.0,15500.0,0,5,0,365,7,7,40,0.0,0,0
50,250.0,96,0,1,3763000.0,0.0,29000.0,0,6,1,124,197,8,7,2921067.3146566134,1,0
25,150.0,76,0,0,9227000.0,5342000.0,77300.0,1,5,0,365,147,2,9,0.0,1,1
36,40.0,14,0,1,4614000.0,1159000.0,3100.0,1,2,0,365,46,4,20,0.0,0,0
47,75.0,112,0,0,6863000.0,0.0,68100.0,0,3,0,365,42,5,7,0.0,0,0
32,250.0,92,0,1,4662000.0,0.0,21700.0,0,1,3,73,104,5,19,7080658.807423901,0,0
50,250.0,79,0,0,7417000.0,3601000.0,20100.0,1,5,0,365,62,5,24,0.0,0,1
47,40.0,81,0,1,2339000.0,0.0,41500.0,0,1,0,365,113,1,22,0.0,0,0
35,75.0,57,0,1,4832000.0,1714000.0,76500.0,1,2,0,365,176,8,7,0.0,1,1
32,40.0,47,1,0,8045000.0,271000.0,27600.0,1,5,4,339,173,6,28,1325157.517569551,1,0
50,150.0,57,0,1,8034000.0,2812000.0,31700.0,1,4,3,96,110,8,49,1804544.3263836738,0,0
22,40.0,22,0,1,2615000.0,3186000.0,50300.0,1,4,4,67,224,7,30,4242510.718333125,1,0
52,150.0,35,0,1,284000.0,1750000.0,25600.0,1,4,0,365,85,4,41,0.0,0,1
45,40.0,48,1,1,1794000.0,0.0,44200.0,0,2,4,145,90,7,45,5855885.902355165,0,0
42,250.0,8,0,1,9770000.0,0.0,52100.0,0,1,1,331,193,4,28,1211986.4017076003,1,1
37,75.0,98,0,1,8377000.0,2714000.0,12000.0,1,2,3,281,220,3,45,5886209.91977841,1,0
39,150.0,76,0,1,7481000.0,0.0,62900.0,0,3,1,97,175,4,18,1932480.9340865216,1,0
46,75.0,5,1,1,4651000.0,0.0,63800.0,0,6,2,171,58,1,40,1814053.7656664383,0,0
48,250.0,78,0,1,4782000.0,3434000.0,29400.0,1,3,4,260,55,8,45,2839209.170557808,0,0
41,250.0,35,0,1,832000.0,3022000.0,78800.0,1,1,0,365,137,5,20,0.0,1,1
55,150.0,60,1,0,1709000.0,2239000.0,36200.0,1,1,3,256,62,6,35,5407159.846475879,0,0
42,40.0,15,0,1,2929000.0,0.0,69600.0,0,6,4,116,109,4,21,5001865.900410965,0,0
48,40.0,88,2,1,3212000.0,3307000.0,33200.0,1,4,4,235,42,2,26,4291860.986667089,0,0
39,150.0,100,0,1,3864000.0,3988000.0,78000.0,1,4,0,365,9,3,9,0.0,0,0
46,40.0,79,0,1,6118000.0,0.0,15800.0,0,6,1,16,192,6,36,2869984.418152265,1,1
56,75.0,111,2,1,2431000.0,2939000.0,57900.0,1,2,3,20,54,7,30,1424983.869083299,0,1
67,250.0,33,1,1,1156000.0,3703000.0,28500.0,1,2,0,365,186,1,1,0.0,1,1
39,250.0,113,0,1,7841000.0,0.0,76700.0,0,6,1,35,76,6,47,1484007.0254965157,0,0
45,150.0,54,1,1,4314000.0,920000.0,14200.0,1,3,1,192,107,5,10,2249384.3805504916,1,1
50,250.0,29,0,1,4610000.0,4313000.0,60900.0,1,3,4,235,181,4,37,4771141.10368221,1,0
37,40.0,100,0,1,8808000.0,0.0,46400.0,0,6,2,161,123,7,44,3665255.6182669904,1,0
40,75.0,21,1,1,2318000.0,0.0,68500.0,0,5,1,265,192,8,26,1000437.1656718614,1,1
33,75.0,47,1,1,5257000.0,2392000.0,74300.0,1,6,0,365,136,7,12,0.0,1,1
69,250.0,4,1,0,2104000.0,0.0,14600.0,0,5,1,187,129,7,37,2054990.9877161975,1,1
45,40.0,110,1,1,8986000.0,4500000.0,31000.0,1,1,1,264,19,4,36,2870476.327759703,1,1
44,40.0,105,0,1,2598000.0,0.0,59900.0,0,6,2,238,47,0,39,1833035.6249514383,0,0
32,150.0,14,1,1,9066000.0,969000.0,26300.0,1,2,0,365,151,7,30,0.0,1,1
42,40.0,43,1,0,4447000.0,2961000.0,10700.0,1,5,0,365,126,4,37,0.0,1,1
59,250.0,113,2,1,6444000.0,0.0,48300.0,0,6,4,133,195,6,39,11916167.02083757,1,1
51,75.0,45,0,1,3031000.0,5230000.0,22200.0,1,3,3,62,195,2,32,5969965.948643943,1,0
47,250.0,66,0,0,3081000.0,0.0,74200.0,0,4,2,60,197,3,14,1645415.7248547347,1,0
49,150.0,43,1,1,9279000.0,1420000.0,54700.0,1,3,0,365,198,6,11,0.0,1,1
47,75.0,44,2,1,7898000.0,4723000.0,23700.0,1,3,3,161,87,5,48,3903408.1598698413,0,0
32,150.0,57,0,1,9403000.0,0.0,7300.0,0,4,2,145,6,3,14,5864923.100674185,0,0
60,150.0,40,1,0,3855000.0,0.0,46000.0,0,6,0,365,57,8,29,0.0,1,0
22,40.0,12,0,1,7227000.0,2925000.0,77800.0,1,1,4,254,65,4,39,8628250.431754459,0,0
60,40.0,15,0,1,4409000.0,1849000.0,39300.0,1,6,0,365,200,6,10,0.0,1,1
33,150.0,76,0,0,5749000.0,0.0,61700.0,0,3,3,76,199,1,45,6485518.045552072,1,0
55,150.0,112,0,1,2187000.0,2063000.0,20500.0,1,3,3,16,37,1,42,2968397.9905344304,0,0
42,250.0,106,0,0,9134000.0,3171000.0,4200.0,1,4,3,256,74,5,41,7300113.779040844,0,0
40,40.0,75,0,1,1624000.0,0.0,42500.0,0,1,4,102,194,1,50,7788340.015872412,1,0
64,150.0,62,0,1,6522000.0,624000.0,52900.0,1,3,4,210,149,4,1,10805487.39010112,1,0
59,250.0,5,0,1,8563000.0,0.0,48000.0,0,3,2,299,238,5,46,4757610.272141051,1,1
56,75.0,27,1,1,311000.0,0.0,49300.0,0,1,3,172,224,5,15,8632750.819333358,1,1
49,75.0,41,0,1,9203000.0,0.0,62500.0,0,1,0,365,232,7,8,0.0,1,0
34,250.0,6,0,1,3835000.0,2792000.0,33700.0,1,2,1,94,131,8,8,550699.9069225654,1,1
30,75.0,18,2,1,9954000.0,0.0,35000.0,0,2,3,265,30,7,2,4771629.528461432,0,0
39,250.0,54,2,0,3134000.0,0.0,8000.0,0,6,1,204,226,7,2,2056168.137771422,1,1
48,150.0,96,1,1,2528000.0,0.0,46500.0,0,2,2,24,17,3,48,4353379.137344573,0,0
52,150.0,82,0,1,9366000.0,0.0,77300.0,0,6,2,61,203,2,2,2571367.254458502,1,0
55,150.0,54,1,1,3245000.0,0.0,63300.0,0,3,0,365,122,0,48,0.0,1,0
46,250.0,8,0,1,1739000.0,781000.0,29800.0,1,2,0,365,18,1,31,0.0,0,1
32,250.0,112,2,1,8104000.0,204000.0,39700.0,1,3,0,365,170,8,24,0.0,1,1
51,40.0,64,0,1,1302000.0,3185000.0,65000.0,1,2,0,365,23,1,46,0.0,0,0
49,40.0,34,0,1,3320000.0,5849000.0,54500.0,1,5,3,72,85,6,24,7055138.303981798,0,0
52,40.0,98,2,1,2019000.0,0.0,17000.0,0,2,2,170,4,7,31,1474180.106390442,1,0
49,75.0,83,2,1,9927000.0,0.0,37900.0,0,3,1,340,198,8,22,2311393.1592861116,1,1
53,75.0,35,0,1,4590000.0,760000.0,68900.0,1,5,3,18,141,2,7,4354767.600466094,1,1
43,250.0,109,0,1,8739000.0,0.0,26600.0,0,4,1,263,48,6,33,2908989.8894787743,0,0
58,75.0,102,0,1,6029000.0,0.0,14700.0,0,5,3,360,137,2,24,5269603.349763384,1,0
22,75.0,84,1,1,7523000.0,1082000.0,75500.0,1,5,2,210,77,6,34,2103475.4519471955,1,1
38,250.0,62,0,1,795000.0,0.0,57500.0,0,6,1,215,37,2,31,459900.01290260104,0,0
48,75.0,53,1,1,1974000.0,0.0,67200.0,0,1,0,365,72,2,26,0.0,0,0
53,75.0,29,0,1,157000.0,880000.0,27000.0,1,1,4,229,78,1,35,3707556.6793423253,0,0
51,250.0,22,0,1,3447000.0,1778000.0,79100.0,1,4,3,243,111,2,46,1813984.338029299,0,0
53,250.0,100,0,1,7331000.0,0.0,76900.0,0,3,0,365,219,7,45,0.0,1,0
33,250.0,10,1,1,7254000.0,0.0,24200.0,0,3,3,133,93,1,1,4299127.408880932,0,0
38,250.0,34,0,1,2694000.0,0.0,79800.0,0,6,4,346,99,0,39,7751580.598986456,0,0
49,40.0,76,0,1,5822000.0,0.0,57600.0,0,5,4,25,90,7,30,8957521.209407937,0,1
42,40.0,54,1,1,6707000.0,349000.0,46700.0,1,1,3,216,207,0,47,1700314.0231031352,1,1
44,150.0,48,1,1,2525000.0,2787000.0,6700.0,1,4,3,87,55,8,50,7125750.225994678,1,0
54,150.0,97,0,1,8455000.0,5169000.0,28700.0,1,5,2,161,27,1,41,2309284.3851066288,0,0
32,250.0,84,0,1,7089000.0,0.0,30000.0,0,4,2,170,6,1,13,5780265.008733669,0,0
56,150.0,99,0,1,806000.0,742000.0,57800.0,1,6,3,179,138,5,26,2080700.0964782657,1,1
43,250.0,16,1,1,7995000.0,3758000.0,77700.0,1,3,4,130,142,2,43,10122247.56509324,1,1
45,40.0,66,0,1,8758000.0,0.0,36900.0,0,2,0,365,77,3,2,0.0,1,0
33,250.0,110,0,1,1963000.0,1279000.0,42900.0,1,4,4,191,207,4,28,9265362.027467165,1,0
56,75.0,43,0,0,3251000.0,4999000.0,57100.0,1,5,1,264,183,7,35,2948729.7674804516,1,1
47,75.0,95,0,1,8220000.0,1499000.0,23700.0,1,1,4,228,18,2,2,6569035.822030004,0,0
22,40.0,117,0,1,6836000.0,0.0,8000.0,0,6,3,19,184,7,28,8573544.129445288,1,1
37,75.0,53,0,1,6763000.0,2117000.0,46900.0,1,5,2,353,152,5,1,4738021.350755602,1,0
51,40.0,94,1,1,757000.0,569000.0,34900.0,1,2,2,96,215,2,2,5890822.543563228,1,1
43,250.0,96,0,0,5761000.0,5704000.0,32800.0,1,4,4,180,48,1,20,2695902.6362781813,0,1
64,250.0,115,0,0,2046000.0,0.0,30000.0,0,6,3,53,136,4,2,4558992.691261356,1,1
64,40.0,74,0,1,9638000.0,0.0,43700.0,0,1,3,295,146,5,5,1123993.8242756508,1,0
45,75.0,84,1,1,3485000.0,0.0,70200.0,0,2,2,95,131,2,29,5413758.538512639,1,0
42,40.0,71,2,1,9346000.0,0.0,75000.0,0,1,2,90,232,1,32,3786574.1670119744,1,1
71,75.0,81,2,1,5502000.0,2455000.0,37500.0,1,1,1,192,38,3,32,1213528.6447763434,0,0
46,250.0,8,0,1,8119000.0,5476000.0,57500.0,1,5,0,365,135,1,43,0.0,1,1
45,250.0,99,0,1,4507000.0,0.0,18200.0,0,6,4,256,8,7,7,5272323.039843141,0,0
37,250.0,81,0,1,2908000.0,4168000.0,7200.0,1,1,0,365,24,4,38,0.0,0,0
36,75.0,85,0,0,9669000.0,0.0,32600.0,0,3,1,355,225,6,48,2524114.547137651,1,0
37,75.0,68,0,1,1032000.0,5710000.0,71700.0,1,6,2,297,165,0,3,3274486.125382628,1,0
39,75.0,118,1,1,2442000.0,0.0,65700.0,0,3,4,195,236,6,3,10126979.882019874,1,1
28,75.0,82,1,1,5727000.0,0.0,69500.0,0,6,3,10,108,6,25,4214547.603512393,0,1
26,75.0,107,1,1,6941000.0,0.0,6200.0,0,4,0,365,178,3,5,0.0,1,1
45,40.0,23,2,1,3307000.0,0.0,75600.0,0,3,4,151,74,4,7,4275913.272735543,0,0
41,250.0,108,2,1,8472000.0,0.0,18500.0,0,5,4,62,60,0,25,6371253.713823214,0,0
48,40.0,33,0,1,4448000.0,4661000.0,54000.0,1,5,2,167,13,0,10,4750165.7496119235,0,0
22,150.0,120,0,1,611000.0,2404000.0,75900.0,1,5,0,365,49,3,22,0.0,0,0
43,250.0,6,2,0,5309000.0,0.0,45900.0,0,2,3,355,18,6,34,1359376.3321791808,0,0
47,75.0,95,2,1,1083000.0,0.0,21000.0,0,4,0,365,16,6,50,0.0,0,0
41,75.0,100,1,1,6506000.0,0.0,73100.0,0,5,3,203,117,3,44,6453440.886661392,0,0
57,150.0,47,2,1,8991000.0,2834000.0,70700.0,1,2,0,365,165,2,25,0.0,1,1
67,75.0,50,1,1,473000.0,0.0,34600.0,0,5,4,325,92,3,26,2550261.582981509,0,0
36,250.0,61,1,1,3667000.0,0.0,28100.0,0,4,0,365,137,3,16,0.0,1,0
23,75.0,75,0,1,6208000.0,5422000.0,45200.0,1,4,3,77,122,1,35,2629460.8301067306,1,1
48,150.0,118,1,1,556000.0,1460000.0,45500.0,1,2,4,231,8,3,25,3147404.52011341,0,0
26,75.0,37,2,1,6430000.0,3535000.0,64700.0,1,2,4,71,197,7,21,3853543.592801131,1,1
39,40.0,89,0,0,9206000.0,0.0,69900.0,0,3,3,187,53,2,14,8445657.436584014,0,0
64,40.0,49,1,1,4494000.0,2164000.0,16500.0,1,3,0,365,145,2,10,0.0,1,1
41,40.0,71,2,1,6305000.0,4259000.0,24700.0,1,2,2,54,195,0,9,5509598.051030047,1,1
22,250.0,51,0,1,9878000.0,2302000.0,37000.0,1,5,0,365,230,0,32,0.0,1,1
42,150.0,116,0,0,1813000.0,0.0,51100.0,0,6,2,347,52,5,19,1199247.8054884276,0,0
43,40.0,48,1,1,8916000.0,0.0,35200.0,0,2,3,148,135,0,32,2455387.490680252,1,1
42,75.0,9,1,1,9962000.0,0.0,29000.0,0,3,4,175,143,0,9,8321633.637447932,1,1
47,40.0,97,0,1,4728000.0,0.0,32900.0,0,6,4,267,220,6,27,4824857.052872881,1,0
31,75.0,47,1,1,2703000.0,5497000.0,73700.0,1,1,3,63,7,2,49,7877981.010982463,0,0
43,40.0,25,0,1,7800000.0,5209000.0,3700.0,1,1,3,321,20,2,38,7948292.723761369,0,0
53,250.0,83,2,1,1264000.0,0.0,57200.0,0,2,1,51,2,6,44,801051.9813567435,0,0
56,40.0,94,0,1,4787000.0,1344000.0,79100.0,1,5,4,351,153,0,29,4311085.738993429,1,0
37,40.0,13,0,1,5443000.0,0.0,77900.0,0,6,0,365,196,1,13,0.0,1,0
31,150.0,99,2,1,5943000.0,3689000.0,42000.0,1,3,0,365,66,5,48,0.0,0,1
44,40.0,86,2,1,1655000.0,0.0,7700.0,0,4,1,225,22,7,1,1973582.5489480444,1,0
43,40.0,43,0,1,6827000.0,0.0,55200.0,0,1,3,250,96,7,20,4551374.302064712,0,0
38,150.0,72,2,1,475000.0,2247000.0,38800.0,1,4,4,242,117,2,10,6207137.666506835,0,0
46,250.0,56,2,1,3846000.0,5247000.0,14500.0,1,3,0,365,204,2,10,0.0,1,1
60,75.0,30,0,1,3406000.0,0.0,4700.0,0,4,0,365,214,8,18,0.0,1,0
56,250.0,80,1,1,1640000.0,5821000.0,7600.0,1,1,0,365,84,7,39,0.0,0,1
37,75.0,69,2,1,179000.0,0.0,26700.0,0,2,3,224,158,1,39,6440866.302025985,1,1
30,150.0,46,1,1,3727000.0,5828000.0,7900.0,1,4,2,172,178,3,21,1731062.3399966538,1,1
57,250.0,103,0,1,6998000.0,5431000.0,77300.0,1,6,2,317,62,3,32,4423766.368637292,0,0
61,40.0,43,0,0,6255000.0,672000.0,40800.0,1,5,3,204,201,3,50,1442096.1211683438,1,0
48,75.0,49,1,0,6349000.0,0.0,28200.0,0,5,2,168,126,5,39,4831895.061380348,1,1
43,75.0,108,1,1,6071000.0,1915000.0,7700.0,1,2,3,197,110,0,20,2910634.404456208,0,0
54,75.0,40,0,1,833000.0,2897000.0,73100.0,1,2,4,309,115,5,7,7196855.113620809,1,0
60,250.0,38,0,1,5885000.0,0.0,27900.0,0,1,0,365,224,5,36,0.0,1,0
57,75.0,43,1,1,4371000.0,0.0,27900.0,0,2,1,170,146,0,33,2037776.6390431975,1,1
31,75.0,66,0,0,5252000.0,0.0,75400.0,0,2,0,365,94,5,22,0.0,0,0
31,150.0,99,0,1,4193000.0,0.0,63800.0,0,6,0,365,212,1,14,0.0,1,0
41,40.0,100,2,1,6465000.0,0.0,45900.0,0,1,2,26,58,3,10,3184943.454183132,1,1
60,75.0,67,0,1,3988000.0,3159000.0,25300.0,1,1,4,25,53,0,14,7140335.678562406,0,1
38,250.0,3,0,0,5116000.0,5008000.0,33600.0,1,2,3,196,132,6,11,3051738.452954054,1,0
24,150.0,45,0,1,6522000.0,0.0,37800.0,0,4,4,62,12,6,7,3409572.6608945876,0,0
56,75.0,28,1,1,6913000.0,0.0,19500.0,0,5,3,336,162,3,37,4656616.138967701,1,1
30,150.0,30,0,1,1850000.0,0.0,28700.0,0,4,4,239,102,2,32,8975668.170567416,0,0
44,150.0,104,2,1,6183000.0,0.0,71100.0,0,1,1,5,79,7,25,2856325.206461732,0,1
35,75.0,15,0,1,4260000.0,0.0,70500.0,0,1,1,22,232,1,20,1103168.8033059086,1,1
39,250.0,116,2,1,6385000.0,0.0,76300.0,0,1,4,62,24,3,30,3085477.925501135,1,0
51,150.0,37,0,1,6933000.0,0.0,19600.0,0,4,1,226,214,7,27,400335.15276792087,1,0
39,40.0,76,2,1,8770000.0,4317000.0,58400.0,1,2,1,101,62,7,1,2112354.910629232,1,1
43,40.0,114,0,1,7044000.0,4793000.0,58100.0,1,6,0,365,95,1,39,0.0,0,0
41,250.0,72,0,1,5533000.0,0.0,14200.0,0,6,4,210,97,7,23,3078797.50032937,0,0
51,75.0,107,1,1,4108000.0,5776000.0,9700.0,1,3,3,335,121,7,49,8390224.51196027,1,1
53,75.0,116,0,1,6269000.0,3673000.0,44600.0,1,6,0,365,206,2,14,0.0,1,1
59,250.0,13,1,1,5463000.0,3213000.0,47300.0,1,3,2,355,183,5,32,4594440.825466994,1,1
43,150.0,73,2,1,2230000.0,2237000.0,34400.0,1,1,0,365,166,7,10,0.0,1,1
26,75.0,94,0,1,1123000.0,1037000.0,8600.0,1,3,0,365,105,4,14,0.0,0,0
30,40.0,107,0,0,2111000.0,0.0,66700.0,0,6,0,365,66,7,8,0.0,0,0
65,150.0,87,0,1,3908000.0,0.0,19100.0,0,4,4,308,12,7,3,8060371.68979551,0,0
52,150.0,6,0,1,7542000.0,4665000.0,35500.0,1,5,3,355,127,0,25,8587890.706718229,1,0
23,250.0,100,2,1,875000.0,4401000.0,58100.0,1,1,3,245,10,5,20,2855166.9812890193,0,0
35,250.0,30,1,0,5955000.0,4116000.0,5200.0,1,5,2,361,146,6,35,3101171.880093233,1,1
42,40.0,35,0,1,9028000.0,1902000.0,15500.0,1,3,4,84,216,1,13,2384485.3626006795,1,0
22,75.0,3,0,1,1807000.0,2385000.0,26300.0,1,2,4,232,208,1,7,3670311.261038048,1,0
32,75.0,97,2,1,4987000.0,0.0,64200.0,0,4,0,365,136,5,41,0.0,1,1
69,250.0,63,0,1,716000.0,706000.0,70600.0,1,6,4,129,234,2,8,6676826.533139974,1,0
22,40.0,76,0,1,5482000.0,3433000.0,39800.0,1,6,0,365,107,1,36,0.0,0,0
58,75.0,21,0,1,3750000.0,0.0,42300.0,0,1,0,365,172,4,38,0.0,1,1
30,150.0,115,1,1,4830000.0,0.0,19400.0,0,6,4,93,101,8,41,3512522.890193072,0,0
39,40.0,21,1,1,7617000.0,0.0,39800.0,0,1,2,216,216,5,15,3985481.0839029714,1,1
75,250.0,10,1,0,3977000.0,0.0,17800.0,0,6,4,120,193,2,31,6058146.057646828,1,1
48,250.0,85,2,1,5237000.0,0.0,41300.0,0,1,1,292,23,2,50,1426754.3806068727,0,0
58,150.0,38,0,1,9175000.0,1960000.0,44200.0,1,3,4,202,195,8,44,6723551.571876593,1,0
48,75.0,63,0,1,5351000.0,3775000.0,7800.0,1,6,3,309,133,3,21,7985487.294498611,1,0
48,150.0,119,0,1,1959000.0,2143000.0,55100.0,1,3,4,101,198,2,50,8432593.935120106,1,0
52,75.0,90,1,1,2084000.0,2884000.0,43000.0,1,1,3,110,155,5,12,6072622.410959898,1,1
49,250.0,50,0,1,5703000.0,0.0,44400.0,0,2,1,197,210,8,26,981846.3745412158,1,0
58,75.0,106,2,1,9909000.0,3585000.0,24300.0,1,5,3,223,162,7,39,1313043.6245410056,1,1
23,250.0,52,0,0,7613000.0,0.0,79600.0,0,1,3,279,70,2,7,1770439.1862658751,1,1
34,250.0,29,0,1,1159000.0,0.0,78200.0,0,6,4,117,160,4,36,3799346.9334339644,1,0
37,75.0,22,0,1,1760000.0,5805000.0,32500.0,1,5,2,319,71,7,8,1092359.8549119935,0,0
22,250.0,31,0,1,9180000.0,1821000.0,3200.0,1,6,4,123,27,1,27,6018584.220890613,0,0
57,250.0,22,1,1,3833000.0,3339000.0,23900.0,1,6,3,260,131,6,29,3508848.1319531654,1,1
44,150.0,21,1,1,3808000.0,4771000.0,18900.0,1,3,3,153,232,3,25,2915001.84752765,1,1
51,250.0,6,1,1,694000.0,4336000.0,4700.0,1,5,4,228,187,7,28,1421336.5175004352,1,1
51,150.0,47,0,1,4811000.0,1178000.0,68700.0,1,6,2,200,95,0,49,5167873.756557582,0,0
42,75.0,14,1,1,5276000.0,0.0,22600.0,0,2,4,100,60,6,20,4207945.372215614,0,0
42,40.0,32,2,1,7842000.0,5257000.0,69700.0,1,6,0,365,142,7,28,0.0,1,1
52,75.0,5,1,1,720000.0,789000.0,65900.0,1,2,4,193,187,2,10,7177137.465903841,1,0
52,75.0,34,1,1,2760000.0,0.0,65600.0,0,5,1,90,14,7,10,1363275.3257778478,0,0
44,75.0,113,1,1,4651000.0,2839000.0,57700.0,1,6,0,365,165,0,5,0.0,1,1
58,75.0,3,0,1,7555000.0,3392000.0,58900.0,1,5,3,300,185,6,49,7269716.241245635,1,0
35,250.0,24,0,1,2109000.0,3679000.0,31300.0,1,3,0,365,233,6,25,0.0,1,1
33,150.0,6,0,1,4384000.0,0.0,52200.0,0,2,2,159,103,3,10,4104985.124515793,0,0
37,75.0,118,0,1,4679000.0,5318000.0,38700.0,1,4,2,332,238,1,19,5717717.328562605,1,0
56,150.0,62,2,1,827000.0,1905000.0,66200.0,1,5,4,174,51,4,33,1931761.0964686438,0,0
53,40.0,21,1,1,5120000.0,0.0,51600.0,0,3,0,365,105,5,40,0.0,0,0
37,150.0,39,0,1,8841000.0,4599000.0,36400.0,1,5,0,365,201,8,47,0.0,1,1
54,40.0,22,2,1,4427000.0,4391000.0,23600.0,1,2,2,201,72,6,15,1103223.8493198268,0,1
59,150.0,4,2,1,4205000.0,4990000.0,14700.0,1,5,2,38,43,0,17,603061.7009963322,0,0
49,40.0,31,0,1,4960000.0,664000.0,38400.0,1,3,3,137,149,8,36,7789810.032384865,1,0
44,150.0,83,1,1,8362000.0,3621000.0,55600.0,1,5,2,16,113,7,18,1821474.0350889564,0,1
43,150.0,66,2,1,5937000.0,0.0,64700.0,0,3,0,365,39,8,15,0.0,0,0
36,75.0,115,2,1,1031000.0,0.0,44800.0,0,3,4,174,78,1,16,5728348.527245126,0,0
35,250.0,87,0,1,4384000.0,4927000.0,14900.0,1,4,3,65,80,3,32,8494511.575252404,1,0
22,250.0,53,0,1,2900000.0,3741000.0,15700.0,1,2,4,56,23,1,48,10414544.755928861,0,0
45,250.0,66,2,1,6989000.0,1081000.0,7000.0,1,4,0,365,36,4,24,0.0,0,0
52,150.0,88,0,0,3335000.0,426000.0,47900.0,1,1,2,205,212,7,7,4863530.492169005,1,1
25,150.0,81,1,0,1429000.0,2882000.0,68600.0,1,2,1,119,178,4,3,1640321.911405814,1,1
35,150.0,88,0,1,9519000.0,1977000.0,53300.0,1,4,2,163,172,5,14,4888990.535712486,1,0
54,75.0,93,0,0,1221000.0,825000.0,37600.0,1,2,3,357,83,3,46,7139970.338308054,0,0
41,250.0,18,2,1,7307000.0,1955000.0,57600.0,1,4,3,103,90,1,4,2167900.7505285265,0,0
52,150.0,52,0,1,4005000.0,4313000.0,27900.0,1,2,4,295,224,2,1,8310771.99727084,1,0
45,75.0,35,0,1,1524000.0,5328000.0,21500.0,1,5,3,97,108,0,50,8249185.858952021,0,0
61,150.0,94,0,1,1091000.0,0.0,62400.0,0,5,0,365,39,5,44,0.0,0,0
22,150.0,70,0,1,9269000.0,1341000.0,62300.0,1,6,4,307,142,4,35,11612739.233421965,1,0
66,250.0,8,0,0,9653000.0,564000.0,66900.0,1,4,2,307,59,7,17,5584683.37582029,0,0
47,40.0,107,0,1,2690000.0,0.0,43900.0,0,1,0,365,212,7,16,0.0,1,0
54,250.0,9,2,1,8154000.0,0.0,45100.0,0,4,0,365,224,4,50,0.0,1,1
50,40.0,66,2,1,2911000.0,872000.0,21100.0,1,4,3,340,53,0,44,2335617.4119935352,0,0
57,150.0,85,0,1,9314000.0,0.0,59300.0,0,2,3,223,54,2,24,4266162.741266771,0,0
49,150.0,42,2,1,808000.0,1102000.0,12400.0,1,1,1,143,47,1,49,2402395.149915788,0,0
44,40.0,67,1,1,1265000.0,4074000.0,24400.0,1,1,1,203,208,3,35,1253748.4413107934,1,1
36,40.0,119,2,1,910000.0,568000.0,14200.0,1,2,2,328,91,0,22,3184927.9221297284,1,1
38,250.0,16,1,1,1717000.0,0.0,50800.0,0,4,1,121,215,7,36,2935570.616879761,1,1
35,250.0,44,1,1,4556000.0,0.0,3300.0,0,3,0,365,172,5,42,0.0,1,1
45,40.0,43,2,0,5967000.0,3456000.0,12000.0,1,2,3,21,203,5,16,1869999.664739273,1,1
41,250.0,40,0,0,6665000.0,5991000.0,56600.0,1,4,3,215,21,8,24,3653523.679695052,0,0
54,150.0,97,0,0,3311000.0,4328000.0,70000.0,1,5,1,53,69,5,21,1278836.8374564517,1,1
37,75.0,76,0,1,2801000.0,0.0,67800.0,0,5,1,286,149,8,20,2491258.1751093077,1,0
28,150.0,15,2,1,9192000.0,0.0,35400.0,0,6,1,53,152,0,7,669607.4112178264,1,1
39,40.0,63,1,1,1630000.0,0.0,75400.0,0,2,0,365,45,2,42,0.0,1,0
48,40.0,83,1,1,1310000.0,4480000.0,66300.0,1,6,4,272,226,4,37,1257094.0923634237,1,1
55,75.0,66,0,0,6685000.0,0.0,17800.0,0,5,2,307,107,4,18,2784411.204294086,0,0
49,40.0,93,0,1,9779000.0,2552000.0,17700.0,1,3,2,302,32,3,9,4998009.644899003,0,0
48,75.0,34,1,1,1373000.0,1465000.0,76900.0,1,5,0,365,55,1,45,0.0,0,0
22,40.0,46,0,0,7867000.0,5239000.0,28000.0,1,4,3,108,221,2,14,4491635.356629415,1,0
62,75.0,114,1,1,4915000.0,0.0,24100.0,0,1,4,36,202,0,48,6206691.10203486,1,1
56,150.0,29,0,1,2829000.0,0.0,35800.0,0,1,1,183,79,3,29,1883508.0163699272,0,0
46,150.0,110,0,1,2245000.0,0.0,72700.0,0,1,4,287,132,2,8,5353481.813995741,1,0
37,150.0,69,0,0,5189000.0,1999000.0,34100.0,1,1,1,149,66,3,49,951309.5812998287,1,1
52,75.0,83,0,1,245000.0,0.0,62200.0,0,5,3,104,49,1,47,911830.2002270212,0,0
43,250.0,35,1,1,4049000.0,0.0,67800.0,0,5,3,246,161,3,16,1678328.4506005365,1,1
45,150.0,48,0,1,2314000.0,0.0,76700.0,0,1,1,75,61,6,3,1825929.1985556358,0,0
27,250.0,71,2,0,9760000.0,2759000.0,13500.0,1,6,0,365,96,1,3,0.0,0,0
38,250.0,18,2,1,8936000.0,742000.0,74100.0,1,5,0,365,208,4,39,0.0,1,1
38,75.0,8,0,1,7585000.0,0.0,59100.0,0,4,2,174,27,1,33,4896900.34705228,0,0
39,150.0,3,0,1,4551000.0,0.0,56600.0,0,1,1,103,46,2,15,2101706.2056302754,0,0
48,75.0,28,1,1,660000.0,0.0,37600.0,0,5,0,365,32,3,24,0.0,0,0
52,150.0,109,1,1,9017000.0,0.0,39500.0,0,1,0,365,10,8,12,0.0,0,0
57,250.0,16,0,1,4180000.0,0.0,36500.0,0,6,3,289,228,8,38,6680945.802585192,1,0
53,150.0,116,0,1,6622000.0,1450000.0,37600.0,1,2,4,138,157,3,47,4215094.192399726,1,0
26,40.0,28,0,1,9276000.0,5273000.0,11900.0,1,6,0,365,15,3,48,0.0,0,0
49,40.0,74,0,1,7389000.0,984000.0,42900.0,1,5,2,30,132,8,5,1898607.718223384,1,1
34,40.0,46,0,0,5512000.0,0.0,66800.0,0,1,2,117,180,1,34,1354447.1169672776,1,1
30,250.0,12,0,1,7613000.0,0.0,38500.0,0,6,3,10,201,0,50,1142676.9596946207,1,1
34,40.0,113,1,0,7588000.0,0.0,65200.0,0,5,0,365,178,3,31,0.0,1,1
41,40.0,59,1,1,7885000.0,0.0,60600.0,0,5,0,365,40,5,21,0.0,0,0
38,40.0,104,2,1,2645000.0,693000.0,65600.0,1,5,4,272,235,1,10,4301585.06709563,1,1
45,150.0,67,1,0,452000.0,0.0,36500.0,0,1,0,365,14,0,43,0.0,0,0
53,75.0,51,0,1,5183000.0,0.0,43800.0,0,4,1,81,206,4,33,936664.7907720912,1,0
42,150.0,50,1,1,7862000.0,2377000.0,6200.0,1,6,0,365,122,0,27,0.0,1,1
22,250.0,80,2,1,7876000.0,299000.0,51100.0,1,6,2,36,70,0,8,1279140.0726763783,1,1
73,150.0,109,0,1,7398000.0,1717000.0,59500.0,1,6,0,365,123,7,16,0.0,1,1
44,250.0,94,1,1,2715000.0,0.0,14900.0,0,1,0,365,104,4,47,0.0,0,0
45,150.0,55,0,0,7577000.0,957000.0,58600.0,1,5,1,133,23,7,3,1135879.593298501,0,0
30,150.0,83,0,1,7589000.0,5224000.0,6300.0,1,4,3,354,49,4,13,3653438.8095296966,1,0
53,40.0,88,0,1,2834000.0,0.0,25400.0,0,5,1,60,96,3,36,2384499.6214646045,0,0
50,75.0,109,2,1,4684000.0,5024000.0,7700.0,1,6,3,34,220,4,16,6463302.391592849,1,1
53,75.0,29,2,1,5286000.0,0.0,48200.0,0,6,0,365,188,3,10,0.0,1,1
40,40.0,15,1,1,8792000.0,918000.0,6700.0,1,2,0,365,25,3,32,0.0,0,0
46,250.0,85,0,1,8555000.0,4395000.0,76600.0,1,5,4,172,101,1,30,9390702.220695991,1,1
30,250.0,102,0,1,156000.0,1272000.0,66200.0,1,1,3,62,142,2,39,7206927.433324484,1,0
46,40.0,34,1,1,4999000.0,4430000.0,66400.0,1,5,0,365,187,6,1,0.0,1,1
47,75.0,53,0,1,627000.0,0.0,27000.0,0,1,3,154,59,3,26,1781734.718887191,0,0
42,150.0,110,0,0,1987000.0,4927000.0,15100.0,1,2,2,236,72,5,22,996908.377831942,0,1
25,40.0,35,2,1,2975000.0,3214000.0,34400.0,1,6,0,365,95,0,50,0.0,0,0
43,75.0,66,2,1,7450000.0,3212000.0,10400.0,1,6,0,365,201,0,3,0.0,1,1
42,40.0,69,2,1,6094000.0,0.0,66000.0,0,1,4,113,27,2,50,1984937.6310414416,0,0
45,150.0,48,0,1,4391000.0,831000.0,51200.0,1,4,2,273,214,4,19,3954364.7955256435,1,0
29,40.0,17,0,1,5302000.0,0.0,37500.0,0,2,2,346,235,8,48,3175189.164722725,1,0
40,75.0,55,0,1,7252000.0,0.0,7100.0,0,6,1,29,131,5,37,1935341.558755141,1,1
60,40.0,105,0,1,7161000.0,2828000.0,22700.0,1,2,4,298,208,6,50,9479587.730351284,1,0
31,250.0,14,2,1,3693000.0,2428000.0,76300.0,1,2,0,365,146,1,19,0.0,1,1
50,150.0,75,1,1,1792000.0,0.0,17700.0,0,2,2,77,200,6,26,2189930.9368048,1,1
63,40.0,55,1,0,1592000.0,3913000.0,38200.0,1,4,1,94,193,3,20,2033227.0793122887,1,1
35,75.0,69,1,1,9083000.0,3971000.0,72200.0,1,5,0,365,231,8,49,0.0,1,1
42,150.0,108,0,1,6653000.0,0.0,78600.0,0,6,4,286,207,2,26,4886469.083453348,1,0
56,150.0,72,1,1,7847000.0,0.0,32400.0,0,4,1,115,5,8,31,2793345.8368396736,0,0
41,40.0,89,1,1,8082000.0,2019000.0,28900.0,1,1,2,209,140,2,16,4796980.5050049275,1,1
34,150.0,111,0,1,343000.0,0.0,76900.0,0,4,1,268,113,6,25,317585.99730457424,0,0
25,40.0,17,1,1,797000.0,4076000.0,65700.0,1,3,1,38,98,8,4,429373.6081751248,0,1
69,150.0,13,0,1,3248000.0,2828000.0,62600.0,1,6,4,326,38,0,47,8134390.744866859,0,0
42,150.0,37,0,1,2851000.0,0.0,15500.0,0,6,2,215,173,2,39,4520514.538715659,1,0
42,40.0,74,1,1,6273000.0,2950000.0,32600.0,1,1,1,139,7,6,34,2376605.468987656,0,0
22,150.0,11,2,1,937000.0,969000.0,74700.0,1,3,2,210,29,7,35,1694140.2872026113,1,1
27,250.0,4,0,1,6796000.0,656000.0,15600.0,1,4,0,365,194,6,16,0.0,1,1
39,150.0,19,0,1,3791000.0,1304000.0,37500.0,1,6,3,30,187,2,38,3043249.2434955807,1,1
25,75.0,113,0,1,990000.0,1797000.0,79600.0,1,2,3,208,122,8,7,7639203.40406213,1,0
69,250.0,97,1,1,1907000.0,0.0,4100.0,0,2,4,306,139,2,7,10858075.300327364,1,0
47,150.0,69,2,1,3434000.0,5013000.0,63400.0,1,6,2,123,225,8,16,4692543.660853137,1,1
50,75.0,72,1,1,2328000.0,0.0,60800.0,0,6,0,365,203,8,47,0.0,1,1
37,250.0,90,2,0,658000.0,5193000.0,41200.0,1,4,2,12,95,0,25,5244545.7106752815,0,1
66,40.0,87,1,1,3313000.0,1123000.0,79400.0,1,6,3,176,140,7,7,1020140.4332818184,1,1
53,250.0,75,0,0,9374000.0,622000.0,46900.0,1,3,4,25,144,8,50,9353600.561745826,1,1
33,75.0,58,1,1,8687000.0,5728000.0,12800.0,1,1,1,359,188,3,43,2868779.963507873,1,1
62,250.0,95,0,1,2954000.0,954000.0,71000.0,1,3,1,150,90,7,41,2047631.0374352196,0,0
41,250.0,106,1,0,962000.0,5557000.0,21100.0,1,5,4,281,198,2,2,6358095.473920394,1,1
29,250.0,38,0,0,7208000.0,4049000.0,38500.0,1,5,4,324,149,6,33,7053349.232815984,1,1
55,75.0,110,1,1,4964000.0,4549000.0,63900.0,1,5,1,100,176,3,24,1376202.865970012,1,1
39,150.0,116,0,1,9945000.0,0.0,32300.0,0,5,4,20,174,1,11,7347289.612992186,1,1
39,75.0,102,1,1,1866000.0,0.0,43300.0,0,4,2,318,77,2,41,1357912.4592714575,0,0
70,75.0,90,0,1,3944000.0,0.0,69700.0,0,2,1,89,68,1,44,1218502.388844139,0,0
40,150.0,26,0,1,4859000.0,5501000.0,29400.0,1,2,2,306,58,3,22,2779717.605626207,0,0
53,150.0,16,0,1,5621000.0,2469000.0,31200.0,1,6,3,291,85,0,40,8645697.720563862,0,0
37,250.0,101,1,1,1982000.0,0.0,51400.0,0,1,1,62,235,7,39,2801060.279067399,1,1
62,40.0,28,0,1,2728000.0,419000.0,67600.0,1,2,1,237,29,5,21,1178164.162433557,0,0
22,75.0,96,0,1,4224000.0,0.0,59000.0,0,5,0,365,206,6,29,0.0,1,0
36,40.0,5,2,1,6986000.0,3931000.0,11400.0,1,1,0,365,92,2,30,0.0,0,1
22,40.0,92,0,1,7338000.0,0.0,13100.0,0,4,0,365,94,2,16,0.0,0,0
30,150.0,54,0,0,8101000.0,0.0,65300.0,0,4,3,303,131,6,49,7898678.802406019,1,1
45,250.0,38,0,1,3412000.0,2156000.0,60000.0,1,6,3,221,95,5,46,6836391.191671802,0,0
40,150.0,25,0,1,1231000.0,681000.0,56400.0,1,3,0,365,240,0,3,0.0,1,1
46,150.0,50,1,1,774000.0,1571000.0,52500.0,1,1,3,7,84,5,31,1460864.8641972675,0,1
68,75.0,84,1,1,1049000.0,0.0,26400.0,0,5,4,322,185,7,10,5366916.974883391,1,0
64,75.0,57,0,1,9497000.0,0.0,52500.0,0,2,2,268,191,2,24,2577988.178791117,1,0
34,40.0,70,0,1,8087000.0,814000.0,13300.0,1,1,0,365,157,2,42,0.0,1,1
42,150.0,82,0,1,944000.0,0.0,21800.0,0,3,2,242,90,0,35,4474740.743524047,0,0
43,250.0,54,0,0,7880000.0,5419000.0,40000.0,1,3,3,141,125,2,25,5452534.548078847,1,1
27,40.0,44,0,0,8556000.0,4503000.0,32400.0,1,6,1,286,224,2,46,1359738.0268824133,1,1
29,40.0,85,0,0,2023000.0,4766000.0,59100.0,1,5,2,19,85,2,12,5766131.416890393,0,1
55,75.0,97,0,1,4300000.0,0.0,28200.0,0,5,0,365,79,3,36,0.0,0,0
22,75.0,117,0,1,2483000.0,3550000.0,71900.0,1,2,3,67,127,7,48,3060903.9350210926,1,0
50,250.0,31,0,1,245000.0,0.0,28600.0,0,3,4,64,48,7,39,7801098.672503989,0,0
59,250.0,3,0,1,602000.0,0.0,22000.0,0,5,4,114,127,5,9,8962657.883876124,1,0
53,75.0,19,0,1,1031000.0,4801000.0,33600.0,1,6,2,27,69,8,32,1535638.1774198138,0,1
23,250.0,69,0,1,6852000.0,0.0,56400.0,0,6,3,187,49,3,41,6305518.025652392,0,0
38,40.0,105,1,1,7697000.0,1372000.0,24400.0,1,3,0,365,101,1,37,0.0,1,1
49,150.0,17,0,1,9543000.0,5258000.0,46900.0,1,1,0,365,40,2,50,0.0,1,1
36,150.0,87,0,1,6555000.0,4463000.0,17800.0,1,5,1,245,23,3,44,1856682.7738439878,0,0
31,40.0,80,2,0,1552000.0,0.0,14700.0,0,2,0,365,223,7,27,0.0,1,1
53,75.0,9,0,1,1204000.0,2419000.0,11000.0,1,2,0,365,160,0,29,0.0,1,1
52,150.0,87,1,1,2524000.0,0.0,74300.0,0,6,1,103,112,6,22,1092753.003866124,0,0
24,40.0,87,0,1,3050000.0,3222000.0,14500.0,1,3,0,365,25,4,2,0.0,0,0
59,250.0,83,0,1,5785000.0,2095000.0,13400.0,1,5,2,307,51,5,23,692420.4538461077,0,0
39,40.0,106,1,1,2185000.0,4068000.0,48900.0,1,2,4,54,60,7,8,10093731.36300263,0,0
54,75.0,57,2,1,3904000.0,4623000.0,13000.0,1,1,1,84,8,2,31,2697876.2060786975,1,0
37,250.0,18,0,1,4974000.0,0.0,7600.0,0,5,4,48,112,6,38,8963482.631688662,0,0
65,75.0,19,0,1,9016000.0,2186000.0,23100.0,1,2,1,151,10,3,4,898959.6500489315,0,0
46,150.0,119,2,1,7696000.0,2819000.0,35600.0,1,3,3,351,201,5,24,4486779.373735156,1,1
35,75.0,34,0,1,8110000.0,0.0,38600.0,0,1,0,365,144,0,50,0.0,1,0
50,40.0,7,0,1,4155000.0,1533000.0,37600.0,1,3,1,221,134,0,35,1620257.356293952,1,1
52,40.0,106,1,1,5948000.0,0.0,69900.0,0,1,1,105,132,0,27,1551329.404324103,1,0
57,75.0,9,0,1,526000.0,0.0,70000.0,0,3,3,107,207,6,12,4885468.322276444,1,0
40,75.0,6,0,1,8601000.0,0.0,55100.0,0,4,4,259,9,3,8,7638531.100307517,0,0
68,150.0,28,2,1,6089000.0,1108000.0,65400.0,1,4,4,228,212,2,6,10808074.249708205,1,1
52,40.0,70,0,0,239000.0,534000.0,23500.0,1,4,3,325,152,0,49,8717155.68807488,1,0
51,40.0,9,0,1,9144000.0,417000.0,60700.0,1,3,1,293,195,4,37,2515478.100107889,1,0
41,75.0,88,2,0,471000.0,3741000.0,41600.0,1,5,4,207,202,8,32,11236019.103644937,1,1
47,40.0,28,0,1,4175000.0,0.0,49400.0,0,6,4,55,40,3,32,11007218.12937888,0,0
52,40.0,65,0,1,1783000.0,0.0,27800.0,0,2,0,365,178,8,43,0.0,1,0
55,150.0,77,0,0,8080000.0,589000.0,66300.0,1,3,0,365,112,2,2,0.0,0,0
38,40.0,68,0,1,1102000.0,2582000.0,67800.0,1,6,1,343,162,4,7,2003226.5049872817,1,0
50,40.0,33,0,1,5154000.0,3126000.0,79500.0,1,5,2,47,115,0,47,5446212.905679391,0,0
50,150.0,87,0,1,9707000.0,5583000.0,71900.0,1,3,2,236,227,5,34,4692296.415934797,1,1
44,75.0,76,2,1,9328000.0,0.0,44500.0,0,1,3,219,123,5,31,5274769.333595491,1,1
31,75.0,110,0,1,4062000.0,0.0,61900.0,0,6,0,365,42,8,32,0.0,0,0
53,150.0,104,0,1,5072000.0,2887000.0,60900.0,1,5,4,30,70,0,38,8377501.011358175,0,1
41,40.0,36,2,0,1169000.0,2677000.0,41100.0,1,5,2,350,230,8,36,3232536.647723871,1,1
26,250.0,48,0,1,8597000.0,4020000.0,52400.0,1,2,1,220,181,4,40,2688872.16845763,1,0
55,75.0,95,0,1,4558000.0,0.0,27100.0,0,1,2,57,100,2,11,3628498.976121073,1,0
51,150.0,77,1,1,5449000.0,0.0,12600.0,0,5,2,209,138,8,15,2035958.3965462386,1,1
45,250.0,20,2,1,9876000.0,0.0,43600.0,0,5,4,37,24,4,5,1438192.20014648,0,0
53,40.0,78,2,1,6629000.0,0.0,79000.0,0,6,2,60,61,3,31,4459567.776321242,0,0
50,40.0,46,0,1,3246000.0,3164000.0,33800.0,1,6,0,365,44,5,18,0.0,0,0
22,250.0,21,0,1,6520000.0,0.0,70200.0,0,6,1,218,104,1,31,2426784.512635262,0,0
39,250.0,117,2,1,1311000.0,1700000.0,44400.0,1,5,1,241,215,8,10,2639006.633176673,1,1
53,40.0,59,0,1,7883000.0,5070000.0,50900.0,1,4,3,320,171,8,40,5321911.647317553,1,0
57,75.0,92,2,1,4431000.0,5596000.0,32300.0,1,3,1,306,68,5,43,1183781.8758097996,0,1
53,40.0,81,0,1,8456000.0,0.0,63100.0,0,3,0,365,239,6,45,0.0,1,0
59,40.0,12,0,1,2309000.0,3657000.0,61000.0,1,5,2,132,107,2,7,2874743.659032101,0,0
40,150.0,44,0,0,539000.0,3646000.0,53200.0,1,3,3,302,66,2,4,5195858.109498959,0,0
23,250.0,51,1,1,8623000.0,3758000.0,36200.0,1,4,0,365,204,6,17,0.0,1,1
32,150.0,43,0,1,3432000.0,5376000.0,47000.0,1,3,2,264,208,0,28,1638352.5968998764,1,1
26,150.0,36,1,1,8550000.0,1269000.0,35200.0,1,6,1,176,156,5,15,1370524.0391797186,1,1
37,40.0,91,2,1,1228000.0,1083000.0,16900.0,1,4,4,247,81,6,9,8694656.001715038,0,0
38,40.0,52,0,0,9836000.0,0.0,10100.0,0,5,3,269,165,6,4,5220612.098684488,1,0
31,40.0,16,0,1,7124000.0,0.0,79400.0,0,2,0,365,22,2,37,0.0,0,0
43,150.0,59,2,1,2768000.0,982000.0,58300.0,1,3,4,61,237,2,4,2022308.6475623185,1,1
46,150.0,32,1,1,4329000.0,0.0,56600.0,0,6,1,184,211,2,24,1545251.53485008,1,1
58,75.0,42,0,1,2364000.0,2081000.0,22500.0,1,3,0,365,175,6,17,0.0,1,1
40,150.0,39,1,1,2008000.0,0.0,70800.0,0,1,0,365,51,2,46,0.0,1,0
40,150.0,101,0,1,4938000.0,5652000.0,59500.0,1,1,4,129,172,4,42,9452898.563651914,1,0
33,75.0,65,0,1,5412000.0,4173000.0,66100.0,1,4,1,36,207,1,39,2068647.9513781916,1,1
49,75.0,108,0,1,380000.0,3732000.0,64000.0,1,2,2,122,86,3,20,2040532.7869228746,0,0
45,40.0,68,0,1,5076000.0,0.0,42600.0,0,1,3,147,67,4,43,8910078.470373338,1,0
42,150.0,36,0,1,5374000.0,0.0,30800.0,0,1,2,287,29,0,42,3031816.85212787,0,0
55,150.0,33,1,0,9605000.0,3172000.0,22700.0,1,5,4,275,133,2,49,11872257.509323351,1,1
22,40.0,42,2,1,1372000.0,2980000.0,24100.0,1,4,3,23,209,1,47,3952421.5384100717,1,1
27,250.0,93,0,1,8325000.0,3962000.0,48600.0,1,2,2,57,40,1,42,3667271.14378425,0,0
43,250.0,6,0,1,5687000.0,5904000.0,42800.0,1,5,2,67,13,1,1,1506029.531261404,0,0
33,75.0,116,0,0,4640000.0,2401000.0,6500.0,1,1,4,67,4,8,6,8920552.320564726,0,0
47,75.0,50,0,0,7259000.0,0.0,72100.0,0,3,2,48,152,8,49,4062227.728176034,1,1
